,X.3,X.2,X.1,X,name,address,city,state,zip,Zip.Plus,Contact.First.Name,Contact.Last.Name,contact,Phone,Business.Description,Primary.NAICS,NAICS2,NAICS3,NAICS4,NAICS5,Business.Type,County,Employee,Annual.Sales,URL,Year.Established,address_new,url,latitude,longitude,url_status,url_checked
1,1,1,1,1,A & C Campground,3435 Pine Swamp Rd,Sparta,NC,28675,8490,Ricky,Royal,Owner,3363727905,Campgrounds,721211,NA,NA,NA,NA,Private,Alleghany,2,145000,campgroundviews.com,1998,3435 Pine Swamp Rd Sparta NC 28675,https://www.campgroundviews.com,36.45685271,-81.11570427,Accessible,https://www.campgroundviews.com
2,2,2,2,3,Appalachian Pond Campground,828 Qualla Rd,Waynesville,NC,28785,9865,Sarah C,Crider,Manager,8284009800,Campgrounds,721211,NA,NA,NA,NA,Private,Haywood,2,256000,NA,2020,828 Qualla Rd Waynesville NC 28785,,35.57670047,-83.00584129,Not Accessible,
3,3,3,3,5,Art's RV Sites,364 Windemere Dr,Fayetteville,NC,28314,643,Art,Fillyaw,Owner,9108671226,Campgrounds,721211,NA,NA,NA,NA,Private,Cumberland,1,106000,NA,1988,364 Windemere Dr Fayetteville NC 28314,,35.06381471,-78.9744607,Not Accessible,
4,4,4,4,7,Asheville Firefighters Camp,227 Clayton Rd,Arden,NC,28704,8755,NA,NA,NA,8286871677,Campgrounds,721211,NA,NA,NA,NA,Private,Buncombe,2,593000,arden-nc.north-carolina-bd.com,2023,227 Clayton Rd Arden NC 28704,https://www.arden-nc.north-carolina-bd.com,35.48996659,-82.57578161,Not Accessible,
5,5,5,5,9,Asheville West KOA Holiday,309 Wiggins Rd,Candler,NC,28715,8804,Rex,Nance,Owner,8286657015,Campgrounds,721211,721214,721211,712190,NA,Private,Buncombe,5,1483000,koa.com,1996,309 Wiggins Rd Candler NC 28715,https://www.koa.com,35.54422775,-82.76045564,Accessible,https://www.koa.com
6,6,6,6,10,Ashley Creek Campground,227 Ball Gap Rd,Arden,NC,28704,8749,Charles,Emory,Owner,8286848030,Campgrounds,721211,NA,NA,NA,NA,Private,Buncombe,2,593000,NA,2002,227 Ball Gap Rd Arden NC 28704,,35.47925866,-82.58966083,Not Accessible,
7,7,7,7,11,B & D Enterprises Inc,736 Stony Point Rd,Kings Mountain,NC,28086,8567,Thomas G,Brooks,President,7047392958,Campgrounds,721211,NA,NA,NA,NA,Private,Cleveland,2,287000,bdent.com,1997,736 Stony Point Rd Kings Mountain NC 28086,https://www.bdent.com,35.27040108,-81.42468378,Accessible,https://www.bdent.com
8,8,8,8,13,Bandit's Roost Campground,667 Jess Walsh Rd,Wilkesboro,NC,28697,9110,NA,NA,NA,3369213190,Campgrounds,721211,NA,NA,NA,NA,Private,Wilkes,4,543000,recreation.gov,2005,667 Jess Walsh Rd Wilkesboro NC 28697,https://www.recreation.gov,36.12059687,-81.25261403,Accessible,https://www.recreation.gov
9,9,9,9,14,Bear Den Campground,600 Bear Den Mountain Rd,Spruce Pine,NC,28777,8365,Mark,Krauss,Owner,8287652888,Campgrounds,721211,NA,NA,NA,NA,Private,Mitchell,2,415000,ww1.campersview.com,2005,600 Bear Den Mountain Rd Spruce Pine NC 28777,https://www.ww1.campersview.com,35.89353375,-81.97464786,Not Accessible,
10,10,10,10,15,Bell's Island Campground,769 Bells Island Rd,Currituck,NC,27929,9640,William,Privott,Owner,2522322590,Campgrounds,721211,NA,NA,NA,NA,Private,Currituck,1,1.00E+05,bellsislandcamp.com,2011,769 Bells Island Rd Currituck NC 27929,https://www.bellsislandcamp.com,36.4198955,-75.96425758,Not Accessible,
11,11,11,11,16,Black Forest Family Camping,280 Summer Rd,Cedar Mountain,NC,28718,110,Judy,Black,Owner,8288842267,Campgrounds,721211,NA,NA,NA,NA,Private,Transylvania,1,169000,blackforestcampground.com,1995,280 Summer Rd Cedar Mountain NC 28718,https://www.blackforestcampground.com,35.1322985,-82.63783248,Accessible,https://www.blackforestcampground.com
12,12,12,12,17,Black Mountain Campground,50 Black Mtn Campground Rd,Burnsville,NC,28714,8799,Ed,Fortag,Manager,8286755616,Campgrounds,721211,NA,NA,NA,NA,Private,Yancey,4,283000,gofindoutdoors.org,2007,50 Black Mtn Campground Rd Burnsville NC 28714,https://www.gofindoutdoors.org,35.75152168,-82.22092735,Accessible,https://www.gofindoutdoors.org
13,13,13,13,19,Blue Ridge Motorcycle Cmpgrnds,59 Motorcycle Dr,Canton,NC,28716,5202,Leslie,Johnson,Owner,8282358350,Campgrounds,721211,NA,NA,NA,NA,Private,Haywood,2,256000,NA,1984,59 Motorcycle Dr Canton NC 28716,,35.40468312,-82.81039254,Not Accessible,
14,14,14,14,20,Blue Ridge National Parkway,1064 Meadowview Dr # 6,Boone,NC,28607,4855,NA,NA,NA,8282980398,Campgrounds,721211,NA,NA,NA,NA,Private,Watauga,3,197000,virtualblueridge.com,1997,1064 Meadowview Dr # 6 Boone NC 28607,https://www.virtualblueridge.com,36.19481594,-81.65449894,Accessible,https://www.virtualblueridge.com
15,15,15,15,21,Blue Ridge Travel Trailer Park,3576 Chimney Rock Rd,Hendersonville,NC,28792,9381,Doug,Weaver,CEO,8285959588,Campgrounds,721211,531190,NA,NA,NA,Private,Henderson,1,228000,blueridgetravelpark.com,1989,3576 Chimney Rock Rd Hendersonville NC 28792,https://www.blueridgetravelpark.com,35.37779284,-82.36488757,Accessible,https://www.blueridgetravelpark.com
16,16,16,16,23,Boone KOA Holiday,123 Harmony Mountain Ln # 1,Boone,NC,28607,8101,Joann,Harmon,Manager,8282647250,Campgrounds,721211,424350,721214,721211,712190,Private,Watauga,5,492000,koa.com,1984,123 Harmony Mountain Ln # 1 Boone NC 28607,https://www.koa.com,36.25808778,-81.6641465,Accessible,https://www.koa.com
17,17,17,17,24,Brookside Campground,764 US Highway 19,Topton,NC,28781,NA,Robert,Wojdylo,Owner,8283215209,Campgrounds,721211,NA,NA,NA,NA,Private,Macon,2,345000,brooksiderafting.com,1997,764 US Highway 19 Topton NC 28781,https://www.brooksiderafting.com,35.25662724,-83.69393405,Accessible,https://www.brooksiderafting.com
18,18,18,18,26,Bsa-Camp Daniel Boone,3647 Little East Fork Rd,Canton,NC,28716,8672,NA,NA,NA,8286480435,Campgrounds,721211,624110,NA,NA,NA,Private,Haywood,2,256000,danielboonecouncil.org,1910,3647 Little East Fork Rd Canton NC 28716,https://www.danielboonecouncil.org,35.38557186,-82.89605748,Accessible,https://www.danielboonecouncil.org
19,19,19,19,27,Buck Creek RV Park,2576 Toms Creek Rd,Marion,NC,28752,9849,Danny,Watson,Owner,8287244888,Campgrounds,721211,721211,713990,NA,NA,Private,McDowell,1,208000,buckcreekrvparknc.com,1996,2576 Toms Creek Rd Marion NC 28752,https://www.buckcreekrvparknc.com,35.71795303,-82.0723588,Accessible,https://www.buckcreekrvparknc.com
20,20,20,20,28,Buffalo Camp RV Park,102 Harding Dr,Blowing Rock,NC,28605,NA,Patrick,Harding,Owner,8282957518,Campgrounds,721211,NA,NA,NA,NA,Private,Watauga,3,295000,visitnc.com,2015,102 Harding Dr Blowing Rock NC 28605,https://www.visitnc.com,36.12459925,-81.73659721,Accessible,https://www.visitnc.com
21,21,21,21,29,Byrd's Branch Campground,225 Martin Byrd Rd,Elkin,NC,28621,8021,Sarah M,Byrd,Owner,3360001111,Campgrounds,721211,NA,NA,NA,NA,Private,Wilkes,2,272000,byrdsbranchcampground.com,2015,225 Martin Byrd Rd Elkin NC 28621,https://www.byrdsbranchcampground.com,36.28899163,-80.8776473,Accessible,https://www.byrdsbranchcampground.com
22,22,22,22,30,Cabin Creek Campground & MHP,3200 Wilmington Hwy,Jacksonville,NC,28540,8638,Gary,Watkins,Owner,9103464808,Campgrounds,721211,721110,721199,NA,NA,Private,Onslow,4,353000,staycabincreek.com,1996,3200 Wilmington Hwy Jacksonville NC 28540,https://www.staycabincreek.com,34.69209082,-77.47861374,Accessible,https://www.staycabincreek.com
23,23,23,23,31,Cabin Lake Recreation,220 Cabin Lake Rd,Pink Hill,NC,28572,8112,Steven,Wilson,Manager,9102983618,Campgrounds,721211,NA,NA,NA,NA,Private,Duplin,4,324000,duplincountync.com,2000,220 Cabin Lake Rd Pink Hill NC 28572,https://www.duplincountync.com,34.98154435,-77.79929818,Accessible,https://www.duplincountync.com
24,24,24,24,32,Camp Ground Trading Post Lodge,14523 Carowinds Blvd,Charlotte,NC,28273,6756,NA,NA,NA,7045879067,Campgrounds,721211,721211,NA,NA,NA,Private,Mecklenburg,4,426000,NA,2016,14523 Carowinds Blvd Charlotte NC 28273,,35.10066165,-80.94953477,Not Accessible,
25,25,25,25,34,Campfire Lodgings,116 Appalachian Village Rd,Asheville,NC,28804,9636,NA,NA,NA,8286588012,Campgrounds,721211,721110,721199,NA,NA,Private,Buncombe,3,890000,NA,1999,116 Appalachian Village Rd Asheville NC 28804,,35.65902117,-82.59136656,Not Accessible,
26,26,26,26,35,Cane Creek Campground-Rv Park,1256 Longest Acres Rd,Snow Camp,NC,27349,9582,John,Maness,Owner,3363768324,Campgrounds,721211,NA,NA,NA,NA,Private,Alamance,1,97000,canecreekcampground.com,2004,1256 Longest Acres Rd Snow Camp NC 27349,https://www.canecreekcampground.com,35.91641729,-79.44851533,Accessible,https://www.canecreekcampground.com
27,27,27,27,36,Canebrake Horse Camp,616 Mcleans Creek Rd,Troy,NC,27371,9202,Theresa,Savery,Manager,9105766391,Campgrounds,721211,713990,713990,712190,NA,Private,Montgomery,2,159000,recreation.gov,2014,616 Mcleans Creek Rd Troy NC 27371,https://www.recreation.gov,35.43975311,-80.04523945,Accessible,https://www.recreation.gov
28,28,28,28,37,Cape Hatteras/Outer Banks KOA,25099 Nc Highway 12,Rodanthe,NC,27968,NA,Mo,Vandesteene,Manager,2529872307,Campgrounds,721211,721199,721214,721211,712190,Private,Dare,6,1319000,koa.com,1993,25099 Nc Highway 12 Rodanthe NC 27968,https://www.koa.com,35.57398863,-75.4671176,Accessible,https://www.koa.com
29,29,29,29,38,Cape Lookout RV Park,1491 Island Rd,Harkers Island,NC,28531,9672,Ron,Loftis,Owner,2525043400,Campgrounds,721211,NA,NA,NA,NA,Private,Carteret,1,233000,NA,2002,1491 Island Rd Harkers Island NC 28531,,34.68988894,-76.53899949,Not Accessible,
30,30,30,30,39,Cape Woods Campground & Cabins,47649 Buxton Back Rd,Buxton,NC,27920,NA,Laura,Morris,Owner,2529955850,Campgrounds,721211,NA,NA,NA,NA,Private,Dare,7,1539000,NA,1984,47649 Buxton Back Rd Buxton NC 27920,,35.26496855,-75.54125256,Not Accessible,
31,31,31,31,40,Captain Andy's Campground,1220 Wilson Ave,Calabash,NC,28467,2951,Ruth,Edge,Owner,9105792050,Campgrounds,721211,NA,NA,NA,NA,Private,Brunswick,2,188000,NA,1984,1220 Wilson Ave Calabash NC 28467,,33.88952195,-78.5553116,Not Accessible,
32,32,32,32,41,Captain John's Campground LLC,1220 Chelsea Ln,Holly Ridge,NC,28445,7795,NA,NA,NA,9100001111,Campgrounds,721211,NA,NA,NA,NA,Private,Onslow,2,177000,NA,2016,1220 Chelsea Ln Holly Ridge NC 28445,,34.53878041,-77.49307064,Not Accessible,
33,33,33,33,43,Carrollwoods RV Park,95 Dot Ln,Tabor City,NC,28463,8228,Byron H,Carroll,President,9106535538,Campgrounds,721211,721211,713110,NA,NA,Private,Columbus,3,247000,carrollwoods.com,2009,95 Dot Ln Tabor City NC 28463,https://www.carrollwoods.com,34.05805445,-78.71050598,Accessible,https://www.carrollwoods.com
34,34,34,34,44,Cartoogechaye Creek Campground,91 No Name Rd,Franklin,NC,28734,8216,Daniel,Hatch,Owner,8285248553,Campgrounds,721211,NA,NA,NA,NA,Private,Macon,2,345000,cartoogechayecreekcampgroundnc.com,2008,91 No Name Rd Franklin NC 28734,https://www.cartoogechayecreekcampgroundnc.com,35.13725661,-83.49056235,Accessible,https://www.cartoogechayecreekcampgroundnc.com
35,35,35,35,45,Catawba Falls Campground,35 Peggy Loop,Old Fort,NC,28762,7661,Kim,Combs,Owner,8286684831,Campgrounds,721211,NA,NA,NA,NA,Private,McDowell,1,208000,catawbafalls.com,2011,35 Peggy Loop Old Fort NC 28762,https://www.catawbafalls.com,35.61352503,-82.22322957,Accessible,https://www.catawbafalls.com
36,36,36,36,46,Cedar Creek Campground Marina,111 Canal Dr,Sealevel,NC,28577,9663,William J,Nelson,Owner,2522259571,Campgrounds,721211,NA,NA,NA,NA,Private,Carteret,1,233000,cedarcreekcampgroundandmarina.com,1976,111 Canal Dr Sealevel NC 28577,https://www.cedarcreekcampgroundandmarina.com,34.86930932,-76.38325113,Accessible,https://www.cedarcreekcampgroundandmarina.com
37,37,37,37,47,Cedar Creek Resrt Mobile Hm,688 Roberts Rd,Newport,NC,28570,8618,Al,Hill,Owner,2522235234,Campgrounds,721211,531190,NA,NA,NA,Private,Carteret,2,466000,cedarcreekresortmhp.com,2018,688 Roberts Rd Newport NC 28570,https://www.cedarcreekresortmhp.com,34.7773951,-76.88536177,Accessible,https://www.cedarcreekresortmhp.com
38,38,38,38,52,Cotton Patch Gold Mine,41697 Gurley Rd,New London,NC,28127,8531,Jeff,Pickett,Owner,7044635797,Campgrounds,721211,NA,NA,NA,NA,Private,Stanly,3,276000,cottonpatchgoldmine.com,1984,41697 Gurley Rd New London NC 28127,https://www.cottonpatchgoldmine.com,35.43552356,-80.18632909,Not Accessible,
39,39,39,39,54,Creekside RV Park,68 Old Peachtree Rd,Marble,NC,28905,8404,Jerry,Bagby,Owner,8288374123,Campgrounds,721211,NA,NA,NA,NA,Private,Cherokee,2,83000,chanseggrollsandjazz.com,1999,68 Old Peachtree Rd Marble NC 28905,https://www.chanseggrollsandjazz.com,35.13752413,-83.97733493,Accessible,https://www.chanseggrollsandjazz.com
40,40,40,40,55,Creekwood Farm RV Park,4696 Jonathan Creek Rd,Waynesville,NC,28785,8303,Bob,Marshall,Manager,8289267977,Campgrounds,721211,721211,NA,NA,NA,Private,Haywood,10,1278000,creekwoodfarmrv.com,1997,4696 Jonathan Creek Rd Waynesville NC 28785,https://www.creekwoodfarmrv.com,35.58727475,-83.0100303,Accessible,https://www.creekwoodfarmrv.com
41,41,41,41,56,Cross Country Campgrounds,6254 Highway 150 E # 45,Denver,NC,28037,6784,Glenda,Frazier,President,7044835897,Campgrounds,721211,NA,NA,NA,NA,Private,Catawba,8,549000,crosscountrycampground.com,2001,6254 Highway 150 E # 45 Denver NC 28037,https://www.crosscountrycampground.com,35.57225843,-81.04157914,Not Accessible,
42,42,42,42,57,Cross Winds Family Campground,160 Campground Ln,Linwood,NC,27299,9184,Arthur,Morrison,Owner,3368534567,Campgrounds,721211,NA,NA,NA,NA,Private,Davidson,2,175000,crosswindsfamilycampground.com,2008,160 Campground Ln Linwood NC 27299,https://www.crosswindsfamilycampground.com,35.73209962,-80.38196775,Accessible,https://www.crosswindsfamilycampground.com
43,43,43,43,58,Cullasaja River RV Park,6269 Highlands Rd,Franklin,NC,28734,9563,Ben,Laflamm,Owner,8285242559,Campgrounds,721211,NA,NA,NA,NA,Private,Macon,3,518000,NA,2001,6269 Highlands Rd Franklin NC 28734,,35.1417554,-83.29716184,Not Accessible,
44,44,44,44,59,Dan River Campground-Canoeing,724 Webster Rd,Stoneville,NC,27048,8570,Glenn,Bozorth,Owner,3364278530,Campgrounds,721211,532284,NA,NA,NA,Private,Rockingham,2,182000,danrivercampground.com,1992,724 Webster Rd Stoneville NC 27048,https://www.danrivercampground.com,36.39673403,-79.89342972,Accessible,https://www.danrivercampground.com
45,45,45,45,61,Deep Creek Tube Ctr,1090 W Deep Creek Rd,Bryson City,NC,28713,NA,Terry,Flyod,Manager,8284886055,Campgrounds,721211,NA,NA,NA,NA,Private,Swain,4,590000,deepcreekcamping.com,2007,1090 W Deep Creek Rd Bryson City NC 28713,https://www.deepcreekcamping.com,35.44837982,-83.44194701,Accessible,https://www.deepcreekcamping.com
46,46,46,46,62,Deer Park Campground,418 Deer Park Resort Dr,Nebo,NC,28761,NA,NA,NA,NA,8286598855,Campgrounds,721211,NA,NA,NA,NA,Private,McDowell,2,415000,NA,2004,418 Deer Park Resort Dr Nebo NC 28761,,35.66203142,-81.88062042,Not Accessible,
47,47,47,47,64,Ela Campground,5100 Ela Rd # 19,Bryson City,NC,28713,8260,Paula,Bishop,Owner,8284882410,Campgrounds,721211,NA,NA,NA,NA,Private,Swain,5,737000,elacampground.com,2007,5100 Ela Rd # 19 Bryson City NC 28713,https://www.elacampground.com,35.44880224,-83.38496076,Accessible,https://www.elacampground.com
48,48,48,48,65,Enfield/Rocky Mt KOA Journey,18562 Nc Highway 481,Enfield,NC,27823,8331,NA,NA,NA,2524455925,Campgrounds,721211,721214,721211,NA,NA,Private,Halifax,5,428000,koa.com,2019,18562 Nc Highway 481 Enfield NC 27823,https://www.koa.com,36.17609878,-77.782157,Accessible,https://www.koa.com
49,49,49,49,66,Farm Country Campground,2301 Eds Grocery Rd,Williamston,NC,27892,8798,Michelle,Gimson,Manager,2527898482,Campgrounds,721211,721214,NA,NA,NA,Private,Martin,6,469000,farmcountrycampground.com,2012,2301 Eds Grocery Rd Williamston NC 27892,https://www.farmcountrycampground.com,35.77885096,-77.13985301,Accessible,https://www.farmcountrycampground.com
50,50,50,50,67,Farm Pond Campground,2590 Union Church Rd,Carthage,NC,28327,9529,NA,NA,NA,9109475593,Campgrounds,721211,532120,NA,NA,NA,Private,Moore,2,215000,farmpondcampground.com,2014,2590 Union Church Rd Carthage NC 28327,https://www.farmpondcampground.com,35.30413121,-79.33489523,Accessible,https://www.farmpondcampground.com
51,51,51,51,68,Fayetteville RV Resrt-Cottages,6250 Wade Stedman Rd,Wade,NC,28395,9096,Tom,Dreyer,Manager,9104845500,Campgrounds,721211,531311,721199,721199,721211,Private,Cumberland,10,1059000,fayettevillervresort.com,2011,6250 Wade Stedman Rd Wade NC 28395,https://www.fayettevillervresort.com,35.15836439,-78.71124083,Accessible,https://www.fayettevillervresort.com
52,52,52,52,69,Fieldridge Acres,7800 Wilkinson Blvd,Charlotte,NC,28214,9148,Ralph H,Suttle,President,7043993521,Campgrounds,721211,721214,NA,NA,NA,Private,Mecklenburg,2,213000,ww1.fieldridgeacres.com,1984,7800 Wilkinson Blvd Charlotte NC 28214,https://www.ww1.fieldridgeacres.com,35.23997413,-80.9723145,Not Accessible,
53,53,53,53,70,Flaming Arrow Campground,283 Flaming Arrow Dr,Whittier,NC,28789,NA,Joni,Ashton,Owner,8284976901,Campgrounds,721211,NA,NA,NA,NA,Private,Jackson,4,619000,flamingarrowcampground.com,1969,283 Flaming Arrow Dr Whittier NC 28789,https://www.flamingarrowcampground.com,35.44286831,-83.30689284,Accessible,https://www.flamingarrowcampground.com
54,54,54,54,71,Flintlock Campground,171 Flintlock Campground Dr,Boone,NC,28607,7875,Cynthia,Fox,Owner,8289635325,Campgrounds,721211,NA,NA,NA,NA,Private,Watauga,3,295000,flintlockcampground.com,1996,171 Flintlock Campground Dr Boone NC 28607,https://www.flintlockcampground.com,36.20534962,-81.72840042,Accessible,https://www.flintlockcampground.com
55,55,55,55,72,Foggy Bottom Farm & Campground,23 Coral Cove Ln,Penrose,NC,28766,9759,Lori A,Allman,Owner,8280001111,Campgrounds,721211,NA,NA,NA,NA,Private,Henderson,2,456000,NA,2016,23 Coral Cove Ln Penrose NC 28766,,35.23720228,-82.60065736,Not Accessible,
56,56,56,56,73,Foothills Family Campgrounds,1661 Hogan Rd,Forest City,NC,28043,7366,Dawn,Hemmelgarn,Owner,8282454064,Campgrounds,721211,NA,NA,NA,NA,Private,Rutherford,4,383000,foothillsfamilycampground.com,1995,1661 Hogan Rd Forest City NC 28043,https://www.foothillsfamilycampground.com,35.21225131,-81.85707123,Accessible,https://www.foothillsfamilycampground.com
57,57,57,57,74,Forest Lake Preserve,192 Thousand Trails Dr,Advance,NC,27006,7082,Tracy,Overdurf,Manager,3369984135,Campgrounds,721211,NA,NA,NA,NA,Private,Davie,10,949000,thousandtrails.com,2014,192 Thousand Trails Dr Advance NC 27006,https://www.thousandtrails.com,35.86057381,-80.39536345,Accessible,https://www.thousandtrails.com
58,58,58,58,75,Fort Tatham RV Resrt-Cmpgrnd,175 Tathams Creek Rd,Sylva,NC,28779,7305,Leon,Clark,Manager,8285866662,Campgrounds,721211,237310,485999,483212,488210,Private,Jackson,2,310000,NA,2007,175 Tathams Creek Rd Sylva NC 28779,,35.2924892,-83.27181234,Not Accessible,
59,59,59,59,76,Fort Wilderness Campground-Rv,284 Fort Wilderness Rd,Whittier,NC,28789,8364,Andre,Roestenberg,Owner,8284979331,Campgrounds,721211,NA,NA,NA,NA,Private,Jackson,1,155000,fortwilderness.net,2000,284 Fort Wilderness Rd Whittier NC 28789,https://www.fortwilderness.net,35.44125861,-83.33152893,Accessible,https://www.fortwilderness.net
60,60,60,60,77,Four Paws Kingdom Campground,335 Lazy Creek Rd,Rutherfordton,NC,28139,7399,NA,NA,NA,8282877324,Campgrounds,721211,NA,NA,NA,NA,Private,Rutherford,1,96000,4pawskingdom.com,2008,335 Lazy Creek Rd Rutherfordton NC 28139,https://www.4pawskingdom.com,35.37322243,-82.03331288,Accessible,https://www.4pawskingdom.com
61,61,61,61,78,Frisco Woods Campground,53124 N Carolina Highway 12,Frisco,NC,27936,NA,Ward,Barnette Jr,Owner,2529955208,Campgrounds,721211,NA,NA,NA,NA,Private,Dare,5,1099000,thefriscowoodscampground.com,1975,53124 N Carolina Highway 12 Frisco NC 27936,https://www.thefriscowoodscampground.com,35.23938852,-75.61991393,Accessible,https://www.thefriscowoodscampground.com
62,62,62,62,79,Fulchers Landing Campground,326 Campground Dr,Sneads Ferry,NC,28460,6811,Lyn,Hinnant,Other,9103271300,Campgrounds,721211,NA,NA,NA,NA,Private,Onslow,2,177000,NA,2006,326 Campground Dr Sneads Ferry NC 28460,,34.56286935,-77.38562582,Not Accessible,
63,63,63,63,80,Glen-Wood Acres,4632 Delrae Cir,Concord,NC,28027,116,Phillip,Little,Owner,7044559282,Campgrounds,721211,NA,NA,NA,NA,Private,Cabarrus,1,110000,NA,2000,4632 Delrae Cir Concord NC 28027,,35.35187489,-80.69256507,Not Accessible,
64,64,64,64,81,Golden Pond Campground,1155 Keener Pl,Salisbury,NC,28146,NA,Cande,Cooper,Manager,7042028812,Campgrounds,721211,NA,NA,NA,NA,Private,Rowan,1,93000,goldenpondrvpark.weebly.com,2011,1155 Keener Pl Salisbury NC 28146,https://www.goldenpondrvpark.weebly.com,35.67723447,-80.35796546,Not Accessible,
65,65,65,65,82,Goose Creek Resort,350 Red Barn Rd,Newport,NC,28570,5111,Angela,Burns,Manager,2520001111,Campgrounds,721211,721214,721211,712190,NA,Private,Carteret,20,4653000,thousandtrails.com,1984,350 Red Barn Rd Newport NC 28570,https://www.thousandtrails.com,34.70209756,-76.99645814,Accessible,https://www.thousandtrails.com
66,66,66,66,83,Grandfather Campground RV,125 Profile View Rd,Banner Elk,NC,28604,9503,Brandi,Young,Owner,8283554535,Campgrounds,721211,721199,NA,NA,NA,Private,Watauga,5,492000,grandfatherrv.com,2002,125 Profile View Rd Banner Elk NC 28604,https://www.grandfatherrv.com,36.14288228,-81.7984695,Accessible,https://www.grandfatherrv.com
67,67,67,67,84,Great Smokey Mtn CAMP & RV Pk,17 Old Soco Rd,Whittier,NC,28789,7008,Walter,Clements,Owner,8284972470,Campgrounds,721211,721199,NA,NA,NA,Private,Jackson,1,155000,greatsmokymountaincampground.com,2005,17 Old Soco Rd Whittier NC 28789,https://www.greatsmokymountaincampground.com,35.46001902,-83.31303802,Accessible,https://www.greatsmokymountaincampground.com
68,68,68,68,86,Green Acres Family Campground,1679 Green Acres Rd,Williamston,NC,27892,8254,Bob,Greene,Owner,2527923939,Campgrounds,721211,NA,NA,NA,NA,Private,Martin,12,937000,greenacresnc.com,1984,1679 Green Acres Rd Williamston NC 27892,https://www.greenacresnc.com,35.78098496,-77.08771055,Accessible,https://www.greenacresnc.com
69,69,69,69,87,Green Oaks Campground,3342 Holden Beach Rd SW,Supply,NC,28462,5718,David C,Rountree,President,9108422844,Campgrounds,721211,NA,NA,NA,NA,Private,Brunswick,2,188000,NA,2011,3342 Holden Beach Rd SW Supply NC 28462,,33.92404484,-78.27076221,Not Accessible,
70,70,70,70,89,Greensboro KOA Journey,1896 Trox St,Greensboro,NC,27406,7940,Mike,Way,President,3362744143,Campgrounds,721211,457210,721214,721211,712190,Private,Guilford,6,772000,koa.com,1963,1896 Trox St Greensboro NC 27406,https://www.koa.com,36.04613598,-79.74614818,Accessible,https://www.koa.com
71,71,71,71,90,Grumpy Bear Campground,2030 Old River Rd,Bryson City,NC,28713,6756,Jerry,Ciullo,Owner,8287882095,Campgrounds,721211,NA,NA,NA,NA,Private,Swain,2,295000,NA,2016,2030 Old River Rd Bryson City NC 28713,,35.43248978,-83.41734038,Not Accessible,
72,72,72,72,91,Hampton Lodge Campground,1631 Waterlily Rd,Coinjock,NC,27923,9721,NA,NA,NA,2525978889,Campgrounds,721211,NA,NA,NA,NA,Private,Currituck,1,1.00E+05,NA,1984,1631 Waterlily Rd Coinjock NC 27923,,36.4256294,-75.92572379,Not Accessible,
73,73,73,73,92,Harmony Mtain Campground LLC,123 Harmony Mountain Ln,Boone,NC,28607,8101,NA,NA,NA,8280001111,Campgrounds,721211,NA,NA,NA,NA,Private,Watauga,2,197000,NA,2014,123 Harmony Mountain Ln Boone NC 28607,,36.25808778,-81.6641465,Not Accessible,
74,74,74,74,93,Hawthorn Haven Cabins & Chapel,515 Hawthorne Rd,Waynesville,NC,28785,2757,NA,NA,NA,8285505565,Campgrounds,721211,721110,NA,NA,NA,Private,Haywood,2,256000,hawthornhaven.com,2023,515 Hawthorne Rd Waynesville NC 28785,https://www.hawthornhaven.com,35.6031074,-83.02605473,Accessible,https://www.hawthornhaven.com
75,75,75,75,94,Helton Creek Campground,2145 Helton Rd,Grassy Creek,NC,28631,NA,Roger,Porter,Owner,3363843474,Campgrounds,721211,NA,NA,NA,NA,Private,Ashe,2,175000,NA,2005,2145 Helton Rd Grassy Creek NC 28631,,36.54785301,-81.44522529,Not Accessible,
76,76,76,76,95,Heritage Camp Ground,526 Sadler Family Rd,Carthage,NC,28327,6808,NA,NA,NA,9105852186,Campgrounds,721211,NA,NA,NA,NA,Private,Moore,2,215000,heritage-camping.business.site,2017,526 Sadler Family Rd Carthage NC 28327,https://www.heritage-camping.business.site,35.27740547,-79.3326394,Not Accessible,
77,77,77,77,96,Hickory Nut Fls Family Cmpgrnd,639 Main St,Chimney Rock,NC,28720,NA,Ann,Gaskey,Owner,8286254014,Campgrounds,721211,NA,NA,NA,NA,Private,Rutherford,6,574000,hickorynutfallsfamilycampground.com,1970,639 Main St Chimney Rock NC 28720,https://www.hickorynutfallsfamilycampground.com,35.44029194,-82.25449978,Accessible,https://www.hickorynutfallsfamilycampground.com
78,78,78,78,97,Hidden Lake Campgrounds,4460 S Nc Highway 54,Graham,NC,27253,9960,Jean,Majors,Owner,3365780329,Campgrounds,721211,NA,NA,NA,NA,Private,Alamance,2,194000,NA,1984,4460 S Nc Highway 54 Graham NC 27253,,36.00251674,-79.30075997,Not Accessible,
79,79,79,79,98,Hiddenite Family Campground,601 Princess Ln,Hiddenite,NC,28636,5248,Jim,Korte,Owner,8286323815,Campgrounds,721211,NA,NA,NA,NA,Private,Alexander,4,310000,hiddenitecampground.com,2003,601 Princess Ln Hiddenite NC 28636,https://www.hiddenitecampground.com,35.89407969,-81.04143327,Accessible,https://www.hiddenitecampground.com
80,80,80,80,99,Hide-A-Way Campground,525 Shuler Rd # 18,Bryson City,NC,28713,4706,Diane,Larkin,Owner,8284882083,Campgrounds,721211,721214,NA,NA,NA,Private,Swain,1,148000,campgreenbird.com,2007,525 Shuler Rd # 18 Bryson City NC 28713,https://www.campgreenbird.com,35.45343362,-83.3999405,Accessible,https://www.campgreenbird.com
81,81,81,81,100,High Country Motorcycle Camp,765 Stony Fork Rd,Ferguson,NC,28624,8912,Brent,Hollowell,Manager,3369733911,Campgrounds,721211,NA,NA,NA,NA,Private,Wilkes,2,272000,highcountrymotorcyclecamp.com,2006,765 Stony Fork Rd Ferguson NC 28624,https://www.highcountrymotorcyclecamp.com,36.15764748,-81.45397056,Not Accessible,
82,82,82,82,101,High Rock Lake Marina,1013 Wafford Cir,Lexington,NC,27292,6229,Lynn K,Farquhar,President,3367981196,Campgrounds,721211,713930,NA,NA,NA,Private,Davidson,7,613000,highrocklakecampground.com,1998,1013 Wafford Cir Lexington NC 27292,https://www.highrocklakecampground.com,35.68306283,-80.25557244,Accessible,https://www.highrocklakecampground.com
83,83,83,83,102,Hillbilly Campground,4115 Soco Rd,Maggie Valley,NC,28751,NA,Charlotte,Smith,Owner,8289263353,Campgrounds,721211,NA,NA,NA,NA,Private,Haywood,2,256000,hillbillycampground.com,1987,4115 Soco Rd Maggie Valley NC 28751,https://www.hillbillycampground.com,35.51788172,-83.0970419,Not Accessible,
84,84,84,84,103,Hitching Post Campground,620 Girls Camp Rd,Mill Spring,NC,28756,9613,Glen,Massengill,Owner,8286250340,Campgrounds,721211,NA,NA,NA,NA,Private,Rutherford,1,96000,hitchingpostcampground.com,1995,620 Girls Camp Rd Mill Spring NC 28756,https://www.hitchingpostcampground.com,35.40544104,-82.21144475,Accessible,https://www.hitchingpostcampground.com
85,85,85,85,104,Hitching Post R V Park,147 Hitching Post Trl,Deep Gap,NC,28618,8930,Jerry,Pearce,Manager,8282645367,Campgrounds,721211,NA,NA,NA,NA,Private,Watauga,2,197000,hprvp.com,1984,147 Hitching Post Trl Deep Gap NC 28618,https://www.hprvp.com,36.22306266,-81.53402973,Accessible,https://www.hprvp.com
86,86,86,86,105,Ho-Hum Campground,47 Ho Hum Loop,Hayesville,NC,28904,6218,David,Reeves,Owner,8284211020,Campgrounds,721211,NA,NA,NA,NA,Private,Clay,2,184000,NA,1998,47 Ho Hum Loop Hayesville NC 28904,,34.99641441,-83.75498591,Not Accessible,
87,87,87,87,106,Holden Beach Fishing Pier,441 Ocean Blvd W,Holden Beach,NC,28462,1937,Guilford,Bass,Owner,9108426483,Campgrounds,721211,449210,487210,NA,NA,Private,Brunswick,6,562000,fishing-nc.com,1979,441 Ocean Blvd W Holden Beach NC 28462,https://www.fishing-nc.com,33.91154511,-78.29733542,Not Accessible,
88,88,88,88,107,Holden Beach RV & Campground,2650 Liberty Ln SW,Supply,NC,28462,2254,Jennifer,Timco,Owner,9108421809,Campgrounds,721211,NA,NA,NA,NA,Private,Brunswick,2,188000,holdenbeachrv.com,1997,2650 Liberty Ln SW Supply NC 28462,https://www.holdenbeachrv.com,33.92967415,-78.28631258,Not Accessible,
89,89,89,89,108,Holiday Trav-L-Park Resort,9102 Coast Guard Rd,Emerald Isle,NC,28594,2444,Ronald O,Watson,Owner,2523542250,Campgrounds,721211,721214,721211,712190,NA,Private,Carteret,11,2559000,htpresort.com,1976,9102 Coast Guard Rd Emerald Isle NC 28594,https://www.htpresort.com,34.66085254,-77.05981821,Accessible,https://www.htpresort.com
90,90,90,90,109,Holland Shelter Creek Outdoor,8315 N Carolina Highway 53,Burgaw,NC,28425,NA,NA,NA,NA,9102593399,Campgrounds,721211,NA,NA,NA,NA,Private,Pender,2,170000,NA,2016,8315 N Carolina Highway 53 Burgaw NC 28425,,34.53755427,-78.06266834,Not Accessible,
91,91,91,91,110,Holly Bluff Family Campground,4846 Nc Highway 49 S,Asheboro,NC,27205,9521,Ramona,Shaw,Owner,3368572761,Campgrounds,721211,NA,NA,NA,NA,Private,Randolph,1,61000,hollybluffcampground.com,1996,4846 Nc Highway 49 S Asheboro NC 27205,https://www.hollybluffcampground.com,35.6443312,-79.95918834,Accessible,https://www.hollybluffcampground.com
92,92,92,92,111,Hollyridge Campground,5140 River Rd,Boonville,NC,27011,8366,Debbie,Cooper,Owner,3363677756,Campgrounds,721211,NA,NA,NA,NA,Private,Yadkin,4,329000,hollyridgecampground.com,1984,5140 River Rd Boonville NC 27011,https://www.hollyridgecampground.com,36.25758701,-80.70901377,Accessible,https://www.hollyridgecampground.com
93,93,93,93,112,Homeplace Recreational Park,258 Homeplace Park Rd,Ararat,NC,27007,8513,Rudy,Key,CEO,3363745173,Campgrounds,721211,713940,712190,NA,NA,Private,Surry,30,1514000,homeplacepark.com,1994,258 Homeplace Park Rd Ararat NC 27007,https://www.homeplacepark.com,36.39571745,-80.5869462,Not Accessible,
94,94,94,94,113,Honey Bear Campground,229 Honey Bear Campground Rd,Boone,NC,28607,8390,Kim,Sky,Partner,8282668914,Campgrounds,721211,NA,NA,NA,NA,Private,Watauga,5,492000,honeybearcampground.com,2004,229 Honey Bear Campground Rd Boone NC 28607,https://www.honeybearcampground.com,36.19538558,-81.71009874,Accessible,https://www.honeybearcampground.com
95,95,95,95,114,Horseshoe Bend Family Cmpgrnd,6675 Nc 181,Morganton,NC,28655,9729,NA,NA,NA,8284388659,Campgrounds,721211,NA,NA,NA,NA,Private,Burke,2,275000,NA,2017,6675 Nc 181 Morganton NC 28655,,35.86713933,-81.79399296,Not Accessible,
96,96,96,96,116,Hounds Campground,114 Raven Dr,Kings Mountain,NC,28086,NA,NA,NA,NA,7047507105,Campgrounds,721211,NA,NA,NA,NA,Private,Cleveland,2,192000,houndsgatewaycampground.com,2013,114 Raven Dr Kings Mountain NC 28086,https://www.houndsgatewaycampground.com,35.27405629,-81.34973381,Accessible,https://www.houndsgatewaycampground.com
97,97,97,97,117,Humphrey's Ridge Family,435 Humphreys Ridge Dr,Stokesdale,NC,27357,8118,Sylvia,Middleton,Owner,3364273949,Campgrounds,721211,NA,NA,NA,NA,Private,Rockingham,8,725000,NA,1984,435 Humphreys Ridge Dr Stokesdale NC 27357,,36.28200834,-80.03256064,Not Accessible,
98,98,98,98,118,Indian Creek Campground,1367 Bunches Creek Rd,Cherokee,NC,28719,6414,Heather,Duvall,Owner,8284974361,Campgrounds,721211,NA,NA,NA,NA,Private,Swain,2,295000,indiancreekcampground.com,2000,1367 Bunches Creek Rd Cherokee NC 28719,https://www.indiancreekcampground.com,35.54833341,-83.23003989,Not Accessible,
99,99,99,99,119,Indian Springs Campground,4361 Whitener Dr,Hickory,NC,28602,8762,Rocky,Cantrell,Owner,8283975700,Campgrounds,721211,NA,NA,NA,NA,Private,Catawba,2,138000,indianspringscampgroundnc.com,2002,4361 Whitener Dr Hickory NC 28602,https://www.indianspringscampgroundnc.com,35.69780012,-81.4184766,Not Accessible,
100,100,100,100,120,Island Hide-A-Way Campground,47095 Buxton Back Rd,Buxton,NC,27920,NA,Ann,Woods,Owner,2529956628,Campgrounds,721211,NA,NA,NA,NA,Private,Dare,2,440000,outerbanks.org,1996,47095 Buxton Back Rd Buxton NC 27920,https://www.outerbanks.org,35.26512295,-75.53040233,Accessible,https://www.outerbanks.org
101,101,101,101,121,Jaymar Travel Park,140 Jaymar Park Dr,Hendersonville,NC,28792,7300,Leon,Welch,Owner,8286853771,Campgrounds,721211,NA,NA,NA,NA,Private,Henderson,2,456000,jaymartravelpark.com,2005,140 Jaymar Park Dr Hendersonville NC 28792,https://www.jaymartravelpark.com,35.36847337,-82.40702462,Accessible,https://www.jaymartravelpark.com
102,102,102,102,122,Jernimans,990 Irvin Garrish Hwy,Ocracoke,NC,27960,NA,NA,NA,NA,2529280308,Campgrounds,721211,NA,NA,NA,NA,Private,Hyde,2,165000,jernimans.com,2019,990 Irvin Garrish Hwy Ocracoke NC 27960,https://www.jernimans.com,35.10800567,-75.97508519,Accessible,https://www.jernimans.com
103,103,103,103,123,Joe & Kay's Campground,1193 Colington Rd,Kill Devil Hills,NC,27948,8022,Michael,Midgette,Owner,2524415468,Campgrounds,721211,NA,NA,NA,NA,Private,Dare,2,440000,NA,1967,1193 Colington Rd Kill Devil Hills NC 27948,,36.01526374,-75.68412635,Not Accessible,
104,104,104,104,124,Jonathan Creek Hideaway,887 Jonathan Creek Rd,Waynesville,NC,28785,7242,Ken,Jobson,Owner,8289260519,Campgrounds,721211,NA,NA,NA,NA,Private,Haywood,2,256000,NA,1984,887 Jonathan Creek Rd Waynesville NC 28785,,35.5347605,-83.02821612,Not Accessible,
105,105,105,105,125,Jones Station RV Park,2710 Jones Dr,Mebane,NC,27302,9773,Kay P,Jones,Owner,9195680153,Campgrounds,721211,721211,NA,NA,NA,Private,Alamance,2,194000,jonesstationrvpark.com,2013,2710 Jones Dr Mebane NC 27302,https://www.jonesstationrvpark.com,36.03108814,-79.27951309,Accessible,https://www.jonesstationrvpark.com
106,106,106,106,126,Keep It Wild Campground LLC,2543 Revere Rd,Marshall,NC,28753,4016,William,Snedden,Owner,8280001111,Campgrounds,721211,NA,NA,NA,NA,Private,Madison,2,140000,NA,2015,2543 Revere Rd Marshall NC 28753,,35.90594517,-82.70657553,Not Accessible,
107,107,107,107,127,KOA Campground,123-1 Harmony Mountain Ln,Boone,NC,28607,NA,NA,NA,NA,8282647228,Campgrounds,721211,NA,NA,NA,NA,Private,Watauga,2,197000,NA,2023,123-1 Harmony Mountain Ln Boone NC 28607,,36.25808778,-81.6641465,Not Accessible,
108,108,108,108,128,Lake Dobson Inc,5990 Starmount Rd,Liberty,NC,27298,NA,Dexter,Blakley,President,3366859778,Campgrounds,721211,NA,NA,NA,NA,Private,Randolph,4,243000,NA,2011,5990 Starmount Rd Liberty NC 27298,,35.87429569,-79.62784954,Not Accessible,
109,109,109,109,129,Lake Hickory RV Resort,6641 Monford Dr # 50,Conover,NC,28613,8861,Eddie,Roush,Religious Dir,8282564303,Campgrounds,721211,NA,NA,NA,NA,Private,Catawba,2,138000,lakehickoryrvresort.com,1991,6641 Monford Dr # 50 Conover NC 28613,https://www.lakehickoryrvresort.com,35.80825558,-81.22976873,Not Accessible,
110,110,110,110,130,Lake James Landing,4510 Lake James Rd,Marion,NC,28752,8948,NA,NA,NA,8286522907,Campgrounds,721211,NA,NA,NA,NA,Private,McDowell,2,415000,NA,2000,4510 Lake James Rd Marion NC 28752,,35.73256793,-81.98525473,Not Accessible,
111,111,111,111,132,Lake Powhatan Rcrtnl Area,375 Wesley Branch Rd,Asheville,NC,28806,9311,William,Harrison,Manager,8286705627,Campgrounds,721211,NA,NA,NA,NA,Private,Buncombe,7,2076000,adventurepisgah.com,2004,375 Wesley Branch Rd Asheville NC 28806,https://www.adventurepisgah.com,35.48877358,-82.62647948,Accessible,https://www.adventurepisgah.com
112,112,112,112,133,Lake Reidsville & Hunt,630 Water Works Rd,Reidsville,NC,27320,1511,Donna,Chilton,Manager,3363494738,Campgrounds,721211,455219,445110,441210,624221,Municipal,Rockingham,10,NA,riseupreidsville.com,1886,630 Water Works Rd Reidsville NC 27320,https://www.riseupreidsville.com,36.29758452,-79.68527565,Accessible,https://www.riseupreidsville.com
113,113,113,113,134,Lakewood RV Resort,15 Timmie Ln,Flat Rock,NC,28731,4757,Bill,Hoffman,Owner,8286979523,Campgrounds,721211,721199,721211,NA,NA,Private,Henderson,4,912000,lakewoodrvresort.com,1990,15 Timmie Ln Flat Rock NC 28731,https://www.lakewoodrvresort.com,35.30092176,-82.40139274,Accessible,https://www.lakewoodrvresort.com
114,114,114,114,135,Lanier's Campground,1161 Spot Ln,Surf City,NC,28445,6861,Donna,Lanier,Owner,9103289431,Campgrounds,721211,NA,NA,NA,NA,Private,Pender,12,1016000,theinletrv.com,1984,1161 Spot Ln Surf City NC 28445,https://www.theinletrv.com,34.43167447,-77.57029356,Accessible,https://www.theinletrv.com
115,115,115,115,137,Laurel Bank Campground,350 Campers Ln,Canton,NC,28716,5732,Sherrie,Mcarthur,Manager,8282358940,Campgrounds,721211,NA,NA,NA,NA,Private,Haywood,1,128000,NA,1971,350 Campers Ln Canton NC 28716,,35.41377456,-82.812684,Not Accessible,
116,116,116,116,138,Lazy Acres Campground,821 Lazy Acres St,Fayetteville,NC,28306,7121,Robert,Clark,Owner,9104259218,Campgrounds,721211,721211,NA,NA,NA,Private,Cumberland,1,106000,spaciousskiescampgrounds.com,1967,821 Lazy Acres St Fayetteville NC 28306,https://www.spaciousskiescampgrounds.com,34.97442816,-78.88768404,Accessible,https://www.spaciousskiescampgrounds.com
117,117,117,117,140,Linney's Mill,4635 Linneys Mill Rd,Union Grove,NC,28689,9025,William C,Linney,Owner,7045922075,Campgrounds,721211,459130,NA,NA,NA,Private,Iredell,1,78000,linneysmill.com,2011,4635 Linneys Mill Rd Union Grove NC 28689,https://www.linneysmill.com,36.02687425,-81.02481661,Not Accessible,
118,118,118,118,141,Linville Fall Trailer,717 Gurney Franklin Rd,Newland,NC,28657,NA,NA,NA,NA,8287652681,Campgrounds,721211,NA,NA,NA,NA,Private,Avery,2,158000,NA,2006,717 Gurney Franklin Rd Newland NC 28657,,35.95693139,-81.9528908,Not Accessible,
119,119,119,119,144,Little Campground,564 Curtis Creek Rd,Elk Park,NC,28622,NA,NA,NA,NA,8287338412,Campgrounds,721211,561510,NA,NA,NA,Private,Avery,2,158000,thelittlecampground.com,2022,564 Curtis Creek Rd Elk Park NC 28622,https://www.thelittlecampground.com,36.16633408,-81.94058262,Accessible,https://www.thelittlecampground.com
120,120,120,120,145,Living Waters Campground,218 Trout Pond Rd,Bakersville,NC,28705,7999,Janet,Wyatt,Manager,8286882000,Campgrounds,721211,NA,NA,NA,NA,Private,Mitchell,4,284000,livingwaterscampground.com,2005,218 Trout Pond Rd Bakersville NC 28705,https://www.livingwaterscampground.com,36.05940403,-82.11971646,Accessible,https://www.livingwaterscampground.com
121,121,121,121,146,Love Valley Camp Ground,135 Pless Ln,Statesville,NC,28625,1230,Wendy,Thomas,Owner,7045922231,Campgrounds,721211,NA,NA,NA,NA,Private,Iredell,1,112000,NA,2009,135 Pless Ln Statesville NC 28625,,35.98246726,-80.98719673,Not Accessible,
122,122,122,122,147,Lucky Strike,251 Lucky Strike Dr,Marion,NC,28752,7993,Doug,Mccormick,Owner,8287384893,Campgrounds,721211,713950,NA,NA,NA,Private,McDowell,2,415000,luckystrikegoldandgem.com,2009,251 Lucky Strike Dr Marion NC 28752,https://www.luckystrikegoldandgem.com,35.55213054,-81.96450117,Accessible,https://www.luckystrikegoldandgem.com
123,123,123,123,148,Lumber River Campground,429 Tar Lndg,Evergreen,NC,28438,9798,Billy,Williamson,Owner,9106549985,Campgrounds,721211,NA,NA,NA,NA,Private,Columbus,2,165000,lumberrivercampground.com,2011,429 Tar Lndg Evergreen NC 28438,https://www.lumberrivercampground.com,34.39701835,-78.96536953,Accessible,https://www.lumberrivercampground.com
124,124,124,124,149,Lumberton/I-95 KOA Journey,465 Kenric Rd,Lumberton,NC,28360,4598,NA,NA,NA,9107394372,Campgrounds,721211,721214,721211,712190,NA,Private,Robeson,17,1660000,koa.com,2015,465 Kenric Rd Lumberton NC 28360,https://www.koa.com,34.60485733,-79.09911326,Accessible,https://www.koa.com
125,125,125,125,151,Mayberry Campground,114 Bunker Rd,Mt Airy,NC,27030,NA,Kale,East,Manager,3367896199,Campgrounds,721211,NA,NA,NA,NA,Private,Surry,2,101000,mayberrycampground.com,2007,114 Bunker Rd Mt Airy NC 27030,https://www.mayberrycampground.com,36.45225093,-80.63609638,Not Accessible,
126,126,126,126,153,Mi Mountain Campground,151 Mi Mountain Rd,Franklin,NC,28734,2406,Gregory,Hoover,Owner,8285246155,Campgrounds,721211,721211,NA,NA,NA,Private,Macon,2,345000,mimountaincampground.com,1999,151 Mi Mountain Rd Franklin NC 28734,https://www.mimountaincampground.com,35.22059812,-83.35210437,Accessible,https://www.mimountaincampground.com
127,127,127,127,155,Midway Campground & RV Park,114 Midway Dr,Statesville,NC,28625,1436,Randy,Jenkins,Owner,7045467615,Campgrounds,721211,424720,713940,NA,NA,Private,Iredell,3,285000,midwaycampground.com,1996,114 Midway Dr Statesville NC 28625,https://www.midwaycampground.com,35.86563393,-80.70692839,Accessible,https://www.midwaycampground.com
128,128,128,128,159,Moravian Falls Campground,536 Falls Rd,Moravian Falls,NC,28654,NA,Ken,Wike,Owner,3366676150,Campgrounds,721211,NA,NA,NA,NA,Private,Wilkes,2,272000,moravianfallscampground.com,1999,536 Falls Rd Moravian Falls NC 28654,https://www.moravianfallscampground.com,36.08693881,-81.18988385,Accessible,https://www.moravianfallscampground.com
129,129,129,129,160,Mountain River Family Cmpgrnd,67 Hawks Lndg,Burnsville,NC,28714,4938,Kimberly,Gunter,Manager,8280001111,Campgrounds,721211,NA,NA,NA,NA,Private,Yancey,2,142000,NA,2017,67 Hawks Lndg Burnsville NC 28714,,35.85741723,-82.18484757,Not Accessible,
130,130,130,130,162,Mt Pisgah Campgrounds,408 Blue Ridge Pkwy,Canton,NC,28716,NA,NA,NA,NA,8286482644,Campgrounds,721211,NA,NA,NA,NA,Private,Haywood,1,128000,NA,2001,408 Blue Ridge Pkwy Canton NC 28716,,35.39626643,-82.76192296,Not Accessible,
131,131,131,131,164,Myers Camp Grounds,150 Fred Lanier Rd,Mocksville,NC,27028,8226,NA,NA,NA,3364927736,Campgrounds,721211,NA,NA,NA,NA,Private,Davie,2,190000,NA,2011,150 Fred Lanier Rd Mocksville NC 27028,,35.92378118,-80.65711842,Not Accessible,
132,132,132,132,166,New Bern Campground LLC,1900 Eastwood Rd # 10,Wilmington,NC,28403,7206,Joel,Tomaselli,Manager,9100001111,Campgrounds,721211,NA,NA,NA,NA,Private,New Hanover,4,969000,gocampingamerica.com,2015,1900 Eastwood Rd # 10 Wilmington NC 28403,https://www.gocampingamerica.com,34.22412352,-77.82379461,Not Accessible,
133,133,133,133,167,New Bern KOA Holiday,1565 B St,New Bern,NC,28560,8925,Pat,Holtzclaw,Manager,2526382556,Campgrounds,721211,721214,721211,712190,NA,Private,Craven,6,641000,koa.com,2002,1565 B St New Bern NC 28560,https://www.koa.com,35.13568658,-77.02766387,Accessible,https://www.koa.com
134,134,134,134,169,Norwood Camping Resort,1216 Berry Hill Dr,Norwood,NC,28128,6580,Burt,Slater,Owner,7044743800,Campgrounds,721211,424720,NA,NA,NA,Private,Stanly,2,184000,NA,1984,1216 Berry Hill Dr Norwood NC 28128,,35.249308,-80.1027632,Not Accessible,
135,135,135,135,170,Ocean Aire Camp World Inc,2614 Holden Beach Rd SW,Holden Beach,NC,28462,5340,Carson H,Durham III,Owner,9108429072,Campgrounds,721211,NA,NA,NA,NA,Private,Brunswick,6,562000,oceanairetravelpark.com,1984,2614 Holden Beach Rd SW Holden Beach NC 28462,https://www.oceanairetravelpark.com,33.92903307,-78.29326836,Not Accessible,
136,136,136,136,171,Ocean Breeze Family Camping,2717 Destiny Catilyn Ave SW,Supply,NC,28462,3469,Shelba,Caison,Owner,9108428310,Campgrounds,721211,721211,NA,NA,NA,Private,Brunswick,4,375000,oceanbreezefamilycampground.com,2012,2717 Destiny Catilyn Ave SW Supply NC 28462,https://www.oceanbreezefamilycampground.com,33.933573,-78.2631812,Not Accessible,
137,137,137,137,173,Old Corundum Millsite,80 Nickajack Rd # 33,Franklin,NC,28734,915,Mac,Stanfield,Owner,8285244663,Campgrounds,721211,NA,NA,NA,NA,Private,Macon,2,345000,NA,1997,80 Nickajack Rd # 33 Franklin NC 28734,,35.13857101,-83.31659603,Not Accessible,
138,138,138,138,175,Orchard Lake Campground,460 Orchard Lake Dr,Saluda,NC,28773,9778,Kirk,Hall,Owner,8287493901,Campgrounds,721211,NA,NA,NA,NA,Private,Polk,6,1367000,orchardlakecampground.com,1990,460 Orchard Lake Dr Saluda NC 28773,https://www.orchardlakecampground.com,35.19870757,-82.35502403,Accessible,https://www.orchardlakecampground.com
139,139,139,139,176,Orchard Park Camp Grounds,957 Whitesides Rd,Forest City,NC,28043,7608,Charlie,Brooks,Owner,8283952084,Campgrounds,721211,NA,NA,NA,NA,Private,Rutherford,2,192000,NA,2021,957 Whitesides Rd Forest City NC 28043,,35.38398442,-81.91950159,Not Accessible,
140,140,140,140,178,Outdoor World Corp,561 Fleming Dairy Rd,Littleton,NC,27850,7941,Peggy,Light,Manager,2525862342,Campgrounds,721211,721211,NA,NA,NA,Private,Warren,10,678000,thousandtrails.com,1934,561 Fleming Dairy Rd Littleton NC 27850,https://www.thousandtrails.com,36.48123002,-77.9137986,Accessible,https://www.thousandtrails.com
141,141,141,141,179,Outer Banks West/Currituck,1631 Waterlily Rd,Coinjock,NC,27923,9721,NA,NA,NA,2524532732,Campgrounds,721211,721214,721211,NA,NA,Private,Currituck,4,4.00E+05,koa.com,2018,1631 Waterlily Rd Coinjock NC 27923,https://www.koa.com,36.4256294,-75.92572379,Accessible,https://www.koa.com
142,142,142,142,180,Park Place RV Park,501 S Allen Rd,Flat Rock,NC,28731,9447,Jamey,Heatherly,Owner,8286933831,Campgrounds,721211,NA,NA,NA,NA,Private,Henderson,1,228000,parkplacervpark.com,1989,501 S Allen Rd Flat Rock NC 28731,https://www.parkplacervpark.com,35.29713855,-82.41565913,Not Accessible,
143,143,143,143,181,Penland Point LLC,17 Joshua Ridge Rd,Etowah,NC,28729,NA,Wiley,Penland,Manager,8288917027,Campgrounds,721211,NA,NA,NA,NA,Private,Henderson,2,456000,vcnet.com,2011,17 Joshua Ridge Rd Etowah NC 28729,https://www.vcnet.com,35.33789832,-82.6084575,Not Accessible,
144,144,144,144,182,Persimmon Creek Camp Ground,200 Sunny Point Rd,Murphy,NC,28906,7378,Karen,Tipsword,Owner,8286445800,Campgrounds,721211,NA,NA,NA,NA,Private,Cherokee,2,83000,persimmoncreekrvpark.com,2009,200 Sunny Point Rd Murphy NC 28906,https://www.persimmoncreekrvpark.com,35.03288901,-84.20794796,Accessible,https://www.persimmoncreekrvpark.com
145,145,145,145,183,Pierce RV Park-Williamston NC,2295 Garrett Rd,Williamston,NC,27892,8309,James,Pierce,Owner,2527990111,Campgrounds,721211,NA,NA,NA,NA,Private,Martin,2,157000,NA,2011,2295 Garrett Rd Williamston NC 27892,,35.82891953,-77.08841447,Not Accessible,
146,146,146,146,184,Pines RV Park & Cabins,4724 Murphy Rd,Franklin,NC,28734,7844,Pat,Ferrante,Owner,8285244490,Campgrounds,721211,NA,NA,NA,NA,Private,Macon,2,345000,thepinesrvpark.com,2003,4724 Murphy Rd Franklin NC 28734,https://www.thepinesrvpark.com,35.15121269,-83.46591402,Accessible,https://www.thepinesrvpark.com
147,147,147,147,185,Pisgah Forest Campground LLC,131 Red Bird Ln,Penrose,NC,28766,6101,Tanya,West,Manager,8280001111,Campgrounds,721211,NA,NA,NA,NA,Private,Transylvania,2,337000,NA,2018,131 Red Bird Ln Penrose NC 28766,,35.24459413,-82.6330069,Not Accessible,
148,148,148,148,186,Pop & Mom's Campground,157 Pop N Mom Ln,Dobson,NC,27017,7608,Tim,Whitt,Owner,3363524630,Campgrounds,721211,NA,NA,NA,NA,Private,Surry,1,51000,NA,2008,157 Pop N Mom Ln Dobson NC 27017,,36.45351286,-80.76144515,Not Accessible,
149,149,149,149,187,Popular Point Campground,558 Beaver Creek Rd,Apex,NC,27502,NA,S,Mole,Manager,9193620586,Campgrounds,721211,NA,NA,NA,NA,Private,Chatham,2,264000,ncparks.gov,2015,558 Beaver Creek Rd Apex NC 27502,https://www.ncparks.gov,35.72840622,-79.00456296,Accessible,https://www.ncparks.gov
150,150,150,150,189,Pride RV Resort,4394 Jonathan Creek Rd,Waynesville,NC,28785,9857,Jerry,Kerr,Manager,8289261645,Campgrounds,721211,721199,NA,NA,NA,Private,Haywood,5,639000,pridervresort.com,1997,4394 Jonathan Creek Rd Waynesville NC 28785,https://www.pridervresort.com,35.58354908,-83.01167348,Accessible,https://www.pridervresort.com
151,151,151,151,190,R V Resort At Carolina Cross,415 Wallace Fork Rd,Roanoke Rapids,NC,27870,8449,Fred,Israel,Owner,2525389776,Campgrounds,721211,NA,NA,NA,NA,Private,Halifax,1,86000,033b649.netsolhost.com,2007,415 Wallace Fork Rd Roanoke Rapids NC 27870,https://www.033b649.netsolhost.com,36.4066845,-77.62527447,Not Accessible,
152,152,152,152,191,Raccoon Holler Campground,493 Raccoon Hollow Rd,Jefferson,NC,28640,9764,Janet,Miller,Manager,3369822706,Campgrounds,721211,721211,NA,NA,NA,Private,Ashe,6,523000,raccoonholler.com,1986,493 Raccoon Hollow Rd Jefferson NC 28640,https://www.raccoonholler.com,36.35693483,-81.37404675,Accessible,https://www.raccoonholler.com
153,153,153,153,192,Racetrack Campground,490 Fox Rd,Marston,NC,28363,8518,Ted,Kelly,Owner,9105824673,Campgrounds,721211,NA,NA,NA,NA,Private,Richmond,1,99000,NA,2001,490 Fox Rd Marston NC 28363,,34.94986403,-79.63999802,Not Accessible,
154,154,154,154,193,Real Mccoy Family Campground,286 Log Dr,Statesville,NC,28677,1763,John,Mccoy,Owner,7048738820,Campgrounds,721211,NA,NA,NA,NA,Private,Iredell,2,224000,NA,2000,286 Log Dr Statesville NC 28677,,35.7264865,-80.79281664,Not Accessible,
155,155,155,155,194,Refuge RV Park,2881 N Carolina Highway 345,Wanchese,NC,27981,NA,Bonnie,Hudgins,Other,2524731096,Campgrounds,721211,NA,NA,NA,NA,Private,Dare,1,220000,therefuge-roanokeisland.com,2008,2881 N Carolina Highway 345 Wanchese NC 27981,https://www.therefuge-roanokeisland.com,35.85402918,-75.64468638,Accessible,https://www.therefuge-roanokeisland.com
156,156,156,156,195,Regal Resort,1498 White Lake Dr,Elizabethtown,NC,28337,6306,Susan,Inman,Owner,9108622427,Campgrounds,721211,NA,NA,NA,NA,Private,Bladen,3,367000,thegrandregal.com,1998,1498 White Lake Dr Elizabethtown NC 28337,https://www.thegrandregal.com,34.63691608,-78.48377338,Accessible,https://www.thegrandregal.com
157,157,157,157,196,Rider's Roost Motorcycle Resrt,100 Elk Creek Darby Rd,Ferguson,NC,28624,9251,David,Lucas,Owner,3369738405,Campgrounds,721211,NA,NA,NA,NA,Private,Wilkes,2,272000,ridersroost.com,1990,100 Elk Creek Darby Rd Ferguson NC 28624,https://www.ridersroost.com,36.06984179,-81.40155599,Accessible,https://www.ridersroost.com
158,158,158,158,197,Rippling Waters RV Park,3962 Soco Rd,Maggie Valley,NC,28751,9507,Alan,Digiovanni,Owner,8289267787,Campgrounds,721211,NA,NA,NA,NA,Private,Haywood,2,256000,maggievalleyrvpark.com,1996,3962 Soco Rd Maggie Valley NC 28751,https://www.maggievalleyrvpark.com,35.51787512,-83.09485824,Accessible,https://www.maggievalleyrvpark.com
159,159,159,159,198,River Breeze Campground LLP,100 Riverbreeze Rd,Marion,NC,28752,9226,Patricia,Bost,Owner,8280001111,Campgrounds,721211,NA,NA,NA,NA,Private,McDowell,2,415000,riverbreezecampground.com,2016,100 Riverbreeze Rd Marion NC 28752,https://www.riverbreezecampground.com,35.71118549,-82.03251563,Accessible,https://www.riverbreezecampground.com
160,160,160,160,199,River Creek Campground,217 River Creek Dr,Rutherfordton,NC,28139,6346,Cindy,Lubecki,Owner,8282873915,Campgrounds,721211,NA,NA,NA,NA,Private,Rutherford,2,192000,properties.camping.com,1997,217 River Creek Dr Rutherfordton NC 28139,https://www.properties.camping.com,35.41777302,-82.12694063,Not Accessible,
161,161,161,161,201,Riverbend RV Park & Campground,86 River Bend RV Cir,Franklin,NC,28734,7953,Brenda,Hughes,Owner,8285247846,Campgrounds,721211,NA,NA,NA,NA,Private,Macon,1,173000,riverbendrvparkandcampground.com,2012,86 River Bend RV Cir Franklin NC 28734,https://www.riverbendrvparkandcampground.com,35.16127687,-83.31311208,Accessible,https://www.riverbendrvparkandcampground.com
162,162,162,162,202,Riverhouse RV Resrt-Campground,4744 Pisgah Dr,Canton,NC,28716,2370,Barbara,Eaffaldano,Owner,8286460303,Campgrounds,721211,NA,NA,NA,NA,Private,Haywood,2,256000,riverhouservresort.com,2005,4744 Pisgah Dr Canton NC 28716,https://www.riverhouservresort.com,35.4804208,-82.88107398,Accessible,https://www.riverhouservresort.com
163,163,163,163,203,Rivers Edge Family Campground,149 Tempe Gut Rd,Bayboro,NC,28515,9165,Gregory W,White,Executive,2525593603,Campgrounds,721211,NA,NA,NA,NA,Private,Pamlico,2,167000,riversedgefamilycampground.com,2015,149 Tempe Gut Rd Bayboro NC 28515,https://www.riversedgefamilycampground.com,35.15936842,-76.69374298,Accessible,https://www.riversedgefamilycampground.com
164,164,164,164,204,Riverside Campground,6 Happy Camper Dr,Canton,NC,28716,5735,Denny,Leis,Owner,8282359128,Campgrounds,721211,NA,NA,NA,NA,Private,Haywood,3,384000,riversidecampgroundcrusonc.com,1987,6 Happy Camper Dr Canton NC 28716,https://www.riversidecampgroundcrusonc.com,35.41717923,-82.81132607,Not Accessible,
165,165,165,165,205,Rock Ridge Campground,7030 Rock Ridge School Rd # B,Sims,NC,27880,9231,NA,NA,NA,2522914477,Campgrounds,721211,721211,NA,NA,NA,Private,Wilson,2,226000,rockridgecampgroundnc.com,1990,7030 Rock Ridge School Rd # B Sims NC 27880,https://www.rockridgecampgroundnc.com,35.70643682,-78.07875283,Accessible,https://www.rockridgecampgroundnc.com
166,166,166,166,206,Rocky Point Campground,14565 Ashton Rd,Rocky Point,NC,28457,8647,Viola,Silvia,Owner,9102599611,Campgrounds,721211,NA,NA,NA,NA,Private,Pender,1,85000,NA,2006,14565 Ashton Rd Rocky Point NC 28457,,34.47781515,-77.95156921,Not Accessible,
167,167,167,167,207,Rutledge Lake Travel Park-Cbns,125 Jillian Trl,Fletcher,NC,28732,NA,Narumon,Cogdill,Owner,8286547873,Campgrounds,721211,NA,NA,NA,NA,Private,Henderson,4,912000,ashevillervpark.co,2010,125 Jillian Trl Fletcher NC 28732,https://www.ashevillervpark.co,35.44084131,-82.52159474,Accessible,https://www.ashevillervpark.co
168,168,168,168,208,Rvacation Campground,428 Campground Rd,Selma,NC,27576,8947,Erin,Downey,Owner,9199655923,Campgrounds,721211,721211,NA,NA,NA,Private,Johnston,2,214000,NA,1984,428 Campground Rd Selma NC 27576,,35.53186091,-78.25992603,Not Accessible,
169,169,169,169,209,S & W RV Park,532 Holden Beach Rd SW # 130,Shallotte,NC,28470,1713,John R,Parsons,President,9107548576,Campgrounds,721211,721211,NA,NA,NA,Private,Brunswick,2,188000,holdenbeachandshallottenccampground.com,1984,532 Holden Beach Rd SW # 130 Shallotte NC 28470,https://www.holdenbeachandshallottenccampground.com,33.97601464,-78.34914602,Accessible,https://www.holdenbeachandshallottenccampground.com
170,170,170,170,210,Sands of Time Campground,40523 N End Rd,Avon,NC,27915,NA,Gracie,Gray,Owner,2529955596,Campgrounds,721211,NA,NA,NA,NA,Private,Dare,3,660000,sandsoftimecampground.com,1996,40523 N End Rd Avon NC 27915,https://www.sandsoftimecampground.com,35.35461409,-75.50740779,Accessible,https://www.sandsoftimecampground.com
171,171,171,171,211,Sandy Creek Family Campground,969 Traphill-Brown Rd,Traphill,NC,28685,NA,Barry W,Hutchinson,Owner,3369578525,Campgrounds,721211,NA,NA,NA,NA,Private,Wilkes,2,272000,sandycreekfamilycampground.weebly.com,2015,969 Traphill-Brown Rd Traphill NC 28685,https://www.sandycreekfamilycampground.weebly.com,36.36971468,-81.04669668,Not Accessible,
172,172,172,172,212,Sandy Point Resort Campground,176 Sandy Point Dr,Knotts Island,NC,27950,9722,Janice,Victoria,President,2524293094,Campgrounds,721211,531190,NA,NA,NA,Private,Currituck,7,699000,NA,1997,176 Sandy Point Dr Knotts Island NC 27950,,36.54806638,-76.00713527,Not Accessible,
173,173,173,173,213,Seamist Camping Resort,4616 Devane Rd SW,South Brunswick,NC,28470,5425,Bryan,Guererri,Manager,9107548916,Campgrounds,721211,NA,NA,NA,NA,Private,Brunswick,4,375000,seamistcampingresort.com,1984,4616 Devane Rd SW South Brunswick NC 28470,https://www.seamistcampingresort.com,33.90600326,-78.39146711,Accessible,https://www.seamistcampingresort.com
174,174,174,174,214,Sherwood Forest Camp Grounds,110 Nottingham Cir,Henrico,NC,27842,NA,Sarah,Baltz,Owner,2525372526,Campgrounds,721211,NA,NA,NA,NA,Private,Northampton,2,149000,sherwoodforestcampground.info,1984,110 Nottingham Cir Henrico NC 27842,https://www.sherwoodforestcampground.info,36.5323468,-77.85440933,Not Accessible,
175,175,175,175,215,Simple Life Campground,88 Lower Mtn Crk,Robbinsville,NC,28771,6808,Alan,Wamsley,Owner,8284796161,Campgrounds,721211,NA,NA,NA,NA,Private,Graham,1,87000,thesimplelifecampground.com,2009,88 Lower Mtn Crk Robbinsville NC 28771,https://www.thesimplelifecampground.com,35.33564927,-83.80342176,Accessible,https://www.thesimplelifecampground.com
176,176,176,176,216,Smoky Mountain Campground,1840 W Deep Creek Rd,Bryson City,NC,28713,6908,Sue,Miller,Owner,8284883302,Campgrounds,721211,561520,722515,459110,721199,Private,Swain,6,885000,smokymtncampground.com,1997,1840 W Deep Creek Rd Bryson City NC 28713,https://www.smokymtncampground.com,35.45703216,-83.4390386,Accessible,https://www.smokymtncampground.com
177,177,177,177,217,Smoky Mountain Meadows,755 E Alarka Rd,Bryson City,NC,28713,7615,John,Livingston,Owner,8284883672,Campgrounds,721211,NA,NA,NA,NA,Private,Swain,2,295000,smokymtnmeadows.com,2008,755 E Alarka Rd Bryson City NC 28713,https://www.smokymtnmeadows.com,35.37641911,-83.45468246,Accessible,https://www.smokymtnmeadows.com
178,178,178,178,218,Smoky Mountain Outdoors Unltd,1012 E Alarka Rd,Bryson City,NC,28713,7618,NA,NA,NA,8284889711,Campgrounds,721211,NA,NA,NA,NA,Private,Swain,2,295000,smokymountainoutdoorsunlimited.com,2019,1012 E Alarka Rd Bryson City NC 28713,https://www.smokymountainoutdoorsunlimited.com,35.37675255,-83.45393215,Accessible,https://www.smokymountainoutdoorsunlimited.com
179,179,179,179,219,Southern Point Campground,68 Patch Creek Dr,Chocowinity,NC,27817,9617,NA,NA,NA,2524022267,Campgrounds,721211,NA,NA,NA,NA,Private,Beaufort,2,167000,southernpointcampground.com,2017,68 Patch Creek Dr Chocowinity NC 27817,https://www.southernpointcampground.com,35.4073123,-76.96686603,Accessible,https://www.southernpointcampground.com
180,180,180,180,220,Spacious Skies Campgrounds,1210 Deacon Dr,Marion,NC,28752,8709,Chad,Geffert,Manager,8286527208,Campgrounds,721211,721110,721199,721211,NA,Private,McDowell,20,4145000,campathiddencreek.com,2010,1210 Deacon Dr Marion NC 28752,https://www.campathiddencreek.com,35.65760262,-81.93734558,Accessible,https://www.campathiddencreek.com
181,181,181,181,221,Spring Valley RV Campground,4428 US Highway 301 S,Hope Mills,NC,28348,2629,Annie,Starling,Owner,9104954887,Campgrounds,721211,NA,NA,NA,NA,Private,Cumberland,2,212000,springvalleyrv.com,1995,4428 US Highway 301 S Hope Mills NC 28348,https://www.springvalleyrv.com,34.95918063,-78.92114967,Accessible,https://www.springvalleyrv.com
182,182,182,182,225,Statesville/I-77 KOA Journey,162 Koa Ln,Statesville,NC,28677,9751,Larry,Brown,Owner,7048735560,Campgrounds,721211,721214,721211,NA,NA,Private,Iredell,3,336000,koa.com,2005,162 Koa Ln Statesville NC 28677,https://www.koa.com,35.73224664,-80.85805164,Accessible,https://www.koa.com
183,183,183,183,226,Steele Creek Park,7081 Nc 181,Morganton,NC,28655,8557,Joey,Wakefeild,Manager,8284335660,Campgrounds,721211,NA,NA,NA,NA,Private,Burke,16,2193000,steelcreekpark.com,1959,7081 Nc 181 Morganton NC 28655,https://www.steelcreekpark.com,35.87986514,-81.79496616,Accessible,https://www.steelcreekpark.com
184,184,184,184,227,Stonebridge Campground,1786 Soco Rd,Maggie Valley,NC,28751,7875,NA,NA,NA,8289261904,Campgrounds,721211,NA,NA,NA,NA,Private,Haywood,2,256000,stonebridgecampgrounds.com,2006,1786 Soco Rd Maggie Valley NC 28751,https://www.stonebridgecampgrounds.com,35.51629409,-83.05929111,Accessible,https://www.stonebridgecampgrounds.com
185,185,185,185,228,Stoney Fork Campground + B & B,2199 Mount Zion Rd,Ferguson,NC,28624,9428,James M,Derewenko,Other,3369735299,Campgrounds,721211,721191,NA,NA,NA,Private,Wilkes,2,272000,stoneyforkcampground.com,2013,2199 Mount Zion Rd Ferguson NC 28624,https://www.stoneyforkcampground.com,36.1264327,-81.38733642,Accessible,https://www.stoneyforkcampground.com
186,186,186,186,229,Stump Sound Campground,105 Lewis Howard Rd,Holly Ridge,NC,28445,7601,Preston,Peed,Owner,9103291414,Campgrounds,721211,NA,NA,NA,NA,Private,Onslow,2,177000,NA,1999,105 Lewis Howard Rd Holly Ridge NC 28445,,34.4891234,-77.51821697,Not Accessible,
187,187,187,187,230,Sundowner RV Village,42 Sundowner Cir,Hayesville,NC,28904,6927,Joyce,Tiffany,President,8283893241,Campgrounds,721211,NA,NA,NA,NA,Private,Clay,2,184000,sundownerrvvillage.net,2000,42 Sundowner Cir Hayesville NC 28904,https://www.sundownerrvvillage.net,34.99481132,-83.82301887,Accessible,https://www.sundownerrvvillage.net
188,188,188,188,231,Surf City Family Campground,2460 Island Dr,N Topsail Beach,NC,28460,8163,Beulleh,Smith,Manager,9103284281,Campgrounds,721211,NA,NA,NA,NA,Private,Onslow,2,177000,NA,1961,2460 Island Dr N Topsail Beach NC 28460,,34.45128838,-77.50319007,Not Accessible,
189,189,189,189,232,Teeter's Campground,200 British Cemetery Rd,Ocracoke,NC,27960,NA,Bubbie,Boos,Owner,2525882030,Campgrounds,721211,NA,NA,NA,NA,Private,Hyde,2,165000,teeterscampground.com,2011,200 British Cemetery Rd Ocracoke NC 27960,https://www.teeterscampground.com,35.11586194,-75.98175085,Not Accessible,
190,190,190,190,233,Thermal City Gold Mine-Cmpgrnd,5240 US 221 Hwy N,Union Mills,NC,28167,8654,Lloyd,Nanney,Owner,8282863016,Campgrounds,721211,NA,NA,NA,NA,Private,Rutherford,1,96000,thermalcitygoldmine.com,1830,5240 US 221 Hwy N Union Mills NC 28167,https://www.thermalcitygoldmine.com,35.52245243,-81.97389347,Not Accessible,
191,191,191,191,234,Thousand Trails Green Mountain,2495 Dimmette Rd,Lenoir,NC,28645,8341,Brian,Nelson,Manager,8287587766,Campgrounds,721211,721214,721211,712190,NA,Private,Caldwell,3,284000,thousandtrails.com,2008,2495 Dimmette Rd Lenoir NC 28645,https://www.thousandtrails.com,35.96669153,-81.51663778,Accessible,https://www.thousandtrails.com
192,192,192,192,235,Timberlake Campground,3270 Conleys Creek Rd,Whittier,NC,28789,9215,Joseph,Sloan,Owner,8284977320,Campgrounds,721211,NA,NA,NA,NA,Private,Jackson,2,295000,timberlakefamilycampground.com,2002,3270 Conleys Creek Rd Whittier NC 28789,https://www.timberlakefamilycampground.com,35.39293424,-83.35319773,Accessible,https://www.timberlakefamilycampground.com
193,193,193,193,236,Tough Enough Rodeo-Campground,3187 Oran Yount Ln,Granite Falls,NC,28630,8199,NA,NA,NA,8287294400,Campgrounds,721211,711190,NA,NA,NA,Private,Caldwell,2,189000,NA,2017,3187 Oran Yount Ln Granite Falls NC 28630,,35.8738597,-81.40068504,Not Accessible,
194,194,194,194,237,Town Mountain Travel Park,48 Town Mountain Rd,Hendersonville,NC,28792,6691,NA,NA,NA,8286976692,Campgrounds,721211,NA,NA,NA,NA,Private,Henderson,2,456000,townmountaintravelpark.com,1999,48 Town Mountain Rd Hendersonville NC 28792,https://www.townmountaintravelpark.com,35.29551416,-82.42622058,Accessible,https://www.townmountaintravelpark.com
195,195,195,195,238,Trail Busters,142 Henry Martin Trl,Statesville,NC,28625,1251,NA,NA,NA,3367081466,Campgrounds,721211,NA,NA,NA,NA,Private,Iredell,2,224000,lovevalleytrailbusters.com,2015,142 Henry Martin Trl Statesville NC 28625,https://www.lovevalleytrailbusters.com,35.98628896,-80.98846388,Accessible,https://www.lovevalleytrailbusters.com
196,196,196,196,239,Tranters Creek Resrt Cmpgrnd,6573 Clarks Neck Rd,Washington,NC,27889,7291,Chris W,Furlough,President,2529480850,Campgrounds,721211,NA,NA,NA,NA,Private,Beaufort,7,727000,tranterscreekresort.com,1976,6573 Clarks Neck Rd Washington NC 27889,https://www.tranterscreekresort.com,35.56552815,-77.10399648,Accessible,https://www.tranterscreekresort.com
197,197,197,197,240,Tumbling Waters Campground,1612 Panther Creek Rd,Almond,NC,28702,6132,Joseph,Deddo,Owner,8284793814,Campgrounds,721211,721214,NA,NA,NA,Private,Swain,1,87000,tumblingwaters.com,1997,1612 Panther Creek Rd Almond NC 28702,https://www.tumblingwaters.com,35.37644289,-83.6296187,Accessible,https://www.tumblingwaters.com
198,198,198,198,241,Turkey Creek Campground,135 Turkey Creek Rd,Almond,NC,28702,6600,J M,Smith,Owner,8284888966,Campgrounds,721211,721214,NA,NA,NA,Private,Swain,2,295000,turkey-creek.com,1987,135 Turkey Creek Rd Almond NC 28702,https://www.turkey-creek.com,35.37742527,-83.57527583,Accessible,https://www.turkey-creek.com
199,199,199,199,242,Twin Rivers Campground,1863 Garvey Bridge Rd,Crumpler,NC,28617,9504,Susan,Carter,Manager,3369823456,Campgrounds,721211,NA,NA,NA,NA,Private,Ashe,2,175000,twinriversfamilycampground.com,2001,1863 Garvey Bridge Rd Crumpler NC 28617,https://www.twinriversfamilycampground.com,36.54219644,-81.35164065,Not Accessible,
200,200,200,200,243,US Forestry Dept,123 Woodland Dr,Murphy,NC,28906,3145,NA,NA,NA,8288375152,Campgrounds,721211,921120,924120,NA,NA,Federal,Cherokee,35,NA,fs.usda.gov,1989,123 Woodland Dr Murphy NC 28906,https://www.fs.usda.gov,35.06923708,-84.06028987,Not Accessible,
201,201,201,201,244,Van Hoy Farms Family Cmpgrnd,738 Jericho Rd,Harmony,NC,28634,9463,Casey,Van Hoy,Owner,7045395493,Campgrounds,721211,721211,NA,NA,NA,Private,Iredell,2,224000,vanhoyfarms.com,1984,738 Jericho Rd Harmony NC 28634,https://www.vanhoyfarms.com,36.00318399,-80.83234927,Accessible,https://www.vanhoyfarms.com
202,202,202,202,245,Vanderpool Campground,120 Campground Rd,Vilas,NC,28692,9711,Ginere,Snipas,Owner,8282973486,Campgrounds,721211,712190,NA,NA,NA,Private,Watauga,1,99000,vanderpoolcampground.com,1993,120 Campground Rd Vilas NC 28692,https://www.vanderpoolcampground.com,36.26572586,-81.75972746,Accessible,https://www.vanderpoolcampground.com
203,203,203,203,246,Veteran's Memorial Park,691 W Lebanon St,Mt Airy,NC,27030,2215,Don,Bell,President,3367552362,Campgrounds,721211,813319,NA,NA,NA,Private,Surry,1,51000,visitnc.com,1984,691 W Lebanon St Mt Airy NC 27030,https://www.visitnc.com,36.51773941,-80.61757296,Accessible,https://www.visitnc.com
204,204,204,204,247,Virginia Creek Campground,440 Crooked Creek Trl,Hampstead,NC,28443,7977,Robert,King,Owner,9103294648,Campgrounds,721211,NA,NA,NA,NA,Private,Pender,2,170000,NA,2001,440 Crooked Creek Trl Hampstead NC 28443,,34.4346325,-77.59926466,Not Accessible,
205,205,205,205,248,Waterway Campground,4641 Devane Rd SW,South Brunswick,NC,28470,5426,Dallas,Hoover,Owner,9107548652,Campgrounds,721211,NA,NA,NA,NA,Private,Brunswick,1,94000,NA,1991,4641 Devane Rd SW South Brunswick NC 28470,,33.90575545,-78.39218216,Not Accessible,
206,206,206,206,249,Whip-O-Will Family Campground,200 Whip O Will Rd,New London,NC,28127,7617,Bill L,Ackerman,Owner,3364612121,Campgrounds,721211,NA,NA,NA,NA,Private,Montgomery,1,80000,NA,1996,200 Whip O Will Rd New London NC 28127,,35.48406052,-80.08827291,Not Accessible,
207,207,207,207,251,Whispering Pines Campground,2791 Highway 24,Newport,NC,28570,8101,NA,NA,NA,3020001111,Campgrounds,721211,NA,NA,NA,NA,Private,Carteret,2,466000,thousandtrails.com,2023,2791 Highway 24 Newport NC 28570,https://www.thousandtrails.com,34.72649936,-76.92798761,Accessible,https://www.thousandtrails.com
208,208,208,208,252,White Oak River Campground,7660 New Bern Hwy,Maysville,NC,28555,NA,Michael,Banks,Owner,9105954163,Campgrounds,721211,441222,721211,713990,NA,Private,Onslow,3,431000,whiteoakrivercampground.com,1968,7660 New Bern Hwy Maysville NC 28555,https://www.whiteoakrivercampground.com,34.88959723,-77.23439404,Accessible,https://www.whiteoakrivercampground.com
209,209,209,209,253,White Oak Shores Campground,400 Wetherington Landing Rd,Stella,NC,28582,9712,Robin V,Comer,Manager,2523933244,Campgrounds,721211,721214,721211,712190,NA,Private,Carteret,3,698000,rvonthego.com,2008,400 Wetherington Landing Rd Stella NC 28582,https://www.rvonthego.com,34.77737205,-77.1410702,Accessible,https://www.rvonthego.com
210,210,210,210,254,Wild Woody's Campground-3 Antq,14234 Highway 18,Laurel Springs,NC,28644,NA,Linda,Woody,Owner,3369848088,Campgrounds,721211,445298,445320,459510,NA,Private,Alleghany,1,88000,blueridgeparkway.org,2010,14234 Highway 18 Laurel Springs NC 28644,https://www.blueridgeparkway.org,36.39419087,-81.2471971,Accessible,https://www.blueridgeparkway.org
211,211,211,211,255,Wilderness Cove Campground,3772 Green River Cove Rd,Saluda,NC,28773,9521,Christy F,Houser,Manager,8287499100,Campgrounds,721211,532289,NA,NA,NA,Private,Polk,2,167000,nctubing.com,2007,3772 Green River Cove Rd Saluda NC 28773,https://www.nctubing.com,35.27369736,-82.30617437,Accessible,https://www.nctubing.com
212,212,212,212,256,Wildlife Woods Campground Inc,4582 Beaver Blvd,Sherrills Ford,NC,28673,9325,Bill,Cobb,Manager,7044835611,Campgrounds,721211,713290,NA,NA,NA,Private,Catawba,6,480000,NA,2006,4582 Beaver Blvd Sherrills Ford NC 28673,,35.5674151,-81.03204126,Not Accessible,
213,213,213,213,257,Wilmington KOA Holiday,7415 Market St,Wilmington,NC,28411,9454,Danielle,Akey,Manager,9106867705,Campgrounds,721211,721214,721211,712190,NA,Private,New Hanover,8,1937000,koa.com,2012,7415 Market St Wilmington NC 28411,https://www.koa.com,34.27782631,-77.81413332,Accessible,https://www.koa.com
214,214,214,214,258,Winners RV Park,601 Lake Park Blvd N,Carolina Beach,NC,28428,4824,Troy,Slaughter,Owner,9104581098,Campgrounds,721211,NA,NA,NA,NA,Private,New Hanover,2,485000,winnersrvpark.com,2005,601 Lake Park Blvd N Carolina Beach NC 28428,https://www.winnersrvpark.com,34.03833763,-77.89426534,Accessible,https://www.winnersrvpark.com
215,215,215,215,259,Winngray Family Campground,26 Winngray Ln,Waynesville,NC,28785,9379,Bill,Choate,Owner,8289263170,Campgrounds,721211,721214,NA,NA,NA,Private,Haywood,2,256000,NA,2009,26 Winngray Ln Waynesville NC 28785,,35.55770254,-83.02275842,Not Accessible,
216,216,216,216,260,Woodalls,2862 US Highway 64 W,Mocksville,NC,27028,8446,Susan,Lawerenz,Manager,3364927736,Campgrounds,721211,NA,NA,NA,NA,Private,Davie,20,1897000,goodsam.com,2019,2862 US Highway 64 W Mocksville NC 27028,https://www.goodsam.com,35.88147972,-80.45856742,Accessible,https://www.goodsam.com
217,217,217,217,261,Yancey County Toe River,225 Patience Park Rd,Burnsville,NC,28714,7437,Robbie,Tipton,Manager,8286755104,Campgrounds,721211,713940,921120,NA,NA,County,Yancey,20,NA,toerivercampground.com,1998,225 Patience Park Rd Burnsville NC 28714,https://www.toerivercampground.com,35.87116334,-82.203734,Accessible,https://www.toerivercampground.com
218,218,218,218,262,Yogi Bear's Jellystone Park,626 Richard Wright Rd,Tabor City,NC,28463,9701,Rick,Coleman,Owner,9106532155,Campgrounds,721211,713990,NA,NA,NA,Private,Columbus,4,329000,taborcityjellystone.com,2012,626 Richard Wright Rd Tabor City NC 28463,https://www.taborcityjellystone.com,34.15424189,-78.85054084,Accessible,https://www.taborcityjellystone.com
219,219,219,219,263,Yogi In the Smokies,317 Galamore Bridge Rd,Cherokee,NC,28719,6411,Bruce A,Bryant,Manager,8289293869,Campgrounds,721211,NA,NA,NA,NA,Private,Swain,14,2064000,jellystonecherokee.com,2010,317 Galamore Bridge Rd Cherokee NC 28719,https://www.jellystonecherokee.com,35.5573709,-83.26118781,Accessible,https://www.jellystonecherokee.com
220,220,220,220,264,Zooland Family Campground,3671 Pisgah Covered Bridge Rd,Asheboro,NC,27205,9331,NA,NA,NA,3366288257,Campgrounds,721211,721211,NA,NA,NA,Private,Randolph,3,122000,zoolandfc.com,2010,3671 Pisgah Covered Bridge Rd Asheboro NC 27205,https://www.zoolandfc.com,35.6032686,-79.85092351,Accessible,https://www.zoolandfc.com
221,221,221,221,265,321 RV Park LLC,2100 Hw Farm Rd,Maiden,NC,28650,9350,Shannon H,Queen,Manager,8280001111,Recreational Vehicle Parks,721211,NA,NA,NA,NA,Private,Catawba,2,138000,NA,2021,2100 Hw Farm Rd Maiden NC 28650,,35.57341298,-81.24987774,Not Accessible,
222,222,222,222,266,Asheville Bear Creek RV Park,81 S Bear Creek Rd,Asheville,NC,28806,1547,Beatrice,Coates,Owner,8282530798,Recreational Vehicle Parks,721211,721211,NA,NA,NA,Private,Buncombe,2,593000,ashevillebearcreek.com,1981,81 S Bear Creek Rd Asheville NC 28806,https://www.ashevillebearcreek.com,35.5584317,-82.60586809,Accessible,https://www.ashevillebearcreek.com
223,223,223,223,268,Beachfront RV Park,100 Eastview Dr,Emerald Isle,NC,28594,NA,Patricia,Stanley,Owner,2523546400,Recreational Vehicle Parks,721211,721211,NA,NA,NA,Private,Carteret,1,233000,NA,2010,100 Eastview Dr Emerald Isle NC 28594,,34.66369313,-77.03366782,Not Accessible,
224,224,224,224,269,Big Mike's Creekside RV Resort,400 Wyatt Dr,Newland,NC,28657,8099,NA,NA,NA,8288971289,Recreational Vehicle Parks,721211,NA,NA,NA,NA,Private,Avery,2,158000,NA,2024,400 Wyatt Dr Newland NC 28657,,36.08010354,-81.92434133,Not Accessible,
225,225,225,225,271,Busco Beach & ATV Park,1243 Bryan Blvd,Goldsboro,NC,27530,7074,Jimmy,Pierce,Owner,9192229614,Recreational Vehicle Parks,721211,NA,NA,NA,NA,Private,Wayne,2,193000,buscobeach.com,1987,1243 Bryan Blvd Goldsboro NC 27530,https://www.buscobeach.com,35.364268,-78.03438227,Accessible,https://www.buscobeach.com
226,226,226,226,272,Camp Hatteras RV Resrt-Cmpgrnd,24798 Nc Highway 12,Rodanthe,NC,27968,NA,Jeanette,Straight,Manager,2529872777,Recreational Vehicle Parks,721211,721211,NA,NA,NA,Private,Dare,32,7033000,camphatteras.com,1994,24798 Nc Highway 12 Rodanthe NC 27968,https://www.camphatteras.com,35.58010151,-75.46722388,Accessible,https://www.camphatteras.com
227,227,227,227,273,Clements Campsite,1341 Nc Highway 48,Garysburg,NC,27831,9676,Virginia,Clements,Owner,2525375051,Recreational Vehicle Parks,721211,531190,721211,NA,NA,Private,Northampton,1,75000,NA,2009,1341 Nc Highway 48 Garysburg NC 27831,,36.51532602,-77.61039643,Not Accessible,
228,228,228,228,274,Connor Debra A,4003 Wimbledon Dr,Dallas,NC,28034,9762,NA,NA,NA,8280001111,Recreational Vehicle Parks,721211,999990,NA,NA,NA,Private,Gaston,2,431000,NA,2023,4003 Wimbledon Dr Dallas NC 28034,,35.35828603,-81.22107702,Not Accessible,
229,229,229,229,275,Country Woods Properties,60 Country Woods Dr,Franklin,NC,28734,1604,Kaye,Cantrell,Owner,8285244339,Recreational Vehicle Parks,721211,NA,NA,NA,NA,Private,Macon,2,345000,NA,2009,60 Country Woods Dr Franklin NC 28734,,35.13537409,-83.3983848,Not Accessible,
230,230,230,230,277,Cricket Rock Campground LLC,324 Bull Pen Rd,Cashiers,NC,28717,9522,Isaac J,Cothran,Manager,8280001111,Recreational Vehicle Parks,721211,721211,999990,NA,NA,Private,Jackson,2,310000,NA,2022,324 Bull Pen Rd Cashiers NC 28717,,35.0345819,-83.06444557,Not Accessible,
231,231,231,231,278,Cross Creek RV Park,1354 Moody Farm Rd,Maggie Valley,NC,28751,NA,Randy,Lineberger,Owner,8289261183,Recreational Vehicle Parks,721211,NA,NA,NA,NA,Private,Haywood,1,128000,xcreekrv.com,2003,1354 Moody Farm Rd Maggie Valley NC 28751,https://www.xcreekrv.com,35.51737084,-83.06325799,Not Accessible,
232,232,232,232,279,Dcg-Parks & Recreation,1308 Fayetteville St,Durham,NC,27707,2326,Kim,Oberle,Other,9195604142,Recreational Vehicle Parks,721211,NA,NA,NA,NA,Private,Durham,3,370000,dprplaymore.org,2015,1308 Fayetteville St Durham NC 27707,https://www.dprplaymore.org,35.98110639,-78.89940959,Accessible,https://www.dprplaymore.org
233,233,233,233,280,Dickens RV Park,2501 Corinth Rd,Moncure,NC,27559,9501,Frank,Dickens,Owner,9197761220,Recreational Vehicle Parks,721211,NA,NA,NA,NA,Private,Chatham,2,168000,aarvclub.com,2012,2501 Corinth Rd Moncure NC 27559,https://www.aarvclub.com,35.58698674,-79.02762089,Not Accessible,
234,234,234,234,281,Dry Ridge RV Park LLC,414 Davis Rd,Shelby,NC,28152,8742,David,Gibson,Manager,7044180721,Recreational Vehicle Parks,721211,NA,NA,NA,NA,Private,Cleveland,2,192000,NA,2019,414 Davis Rd Shelby NC 28152,,35.223919,-81.54187387,Not Accessible,
235,235,235,235,282,Four Oaks RV Resort,4596 US Highway 301 S,Four Oaks,NC,27524,9238,Richard,Carr,Owner,9199633596,Recreational Vehicle Parks,721211,721110,721211,NA,NA,Private,Johnston,2,214000,fouroaksrvresort.com,2006,4596 US Highway 301 S Four Oaks NC 27524,https://www.fouroaksrvresort.com,35.45771131,-78.39404472,Accessible,https://www.fouroaksrvresort.com
236,236,236,236,284,Gates Joseph Milton,3001 Rochester Ct,Monroe,NC,28110,5605,NA,NA,NA,7040001111,Recreational Vehicle Parks,721211,999990,NA,NA,NA,Private,Union,4,411000,NA,2019,3001 Rochester Ct Monroe NC 28110,,35.02130552,-80.56470191,Not Accessible,
237,237,237,237,285,Greystone RV Park,1166 Pilot Knob Park Rd,Pinnacle,NC,27043,9051,Charity B,Shelton,CEO,3363685588,Recreational Vehicle Parks,721211,NA,NA,NA,NA,Private,Surry,2,171000,greystonervpark.com,2014,1166 Pilot Knob Park Rd Pinnacle NC 27043,https://www.greystonervpark.com,36.3405767,-80.44982491,Accessible,https://www.greystonervpark.com
238,238,238,238,286,Harbor Point RV Community,100 W Ocracoke Rd,Sneads Ferry,NC,28460,9172,Susan,Coe,Manager,9103272700,Recreational Vehicle Parks,721211,721214,721211,713940,712190,Private,Onslow,2,177000,thousandtrails.com,2013,100 W Ocracoke Rd Sneads Ferry NC 28460,https://www.thousandtrails.com,34.49616828,-77.45872103,Accessible,https://www.thousandtrails.com
239,239,239,239,287,Hidden Haven RV Park,3241 US Highway 70 E # 101,Smithfield,NC,27577,8746,NA,NA,NA,9199653131,Recreational Vehicle Parks,721211,721211,NA,NA,NA,Private,Johnston,3,214000,hiddenhavenrvpark.com,2023,3241 US Highway 70 E # 101 Smithfield NC 27577,https://www.hiddenhavenrvpark.com,35.48594783,-78.25764816,Accessible,https://www.hiddenhavenrvpark.com
240,240,240,240,288,Hornets Nest Region Aaca,9307 Old Monroe Rd # H,Charlotte,NC,28270,NA,NA,NA,NA,7048411990,Recreational Vehicle Parks,721211,NA,NA,NA,NA,Private,Mecklenburg,2,213000,charlotte-autofair.com,2008,9307 Old Monroe Rd # H Charlotte NC 28270,https://www.charlotte-autofair.com,35.14455216,-80.74202409,Accessible,https://www.charlotte-autofair.com
241,241,241,241,289,Icenhour William,4528 Plateau Rd,Vale,NC,28168,9742,NA,NA,NA,7040001111,Recreational Vehicle Parks,721211,999990,NA,NA,NA,Private,Catawba,5,343000,NA,2016,4528 Plateau Rd Vale NC 28168,,35.59129277,-81.36639392,Not Accessible,
242,242,242,242,290,Lake James Camping Resort,5786 Benfields Landing Rd,Nebo,NC,28761,9687,Chris,Daly,Owner,8285840190,Recreational Vehicle Parks,721211,721214,721211,NA,NA,Private,Burke,1,138000,lakejamescampingresortandmarina.com,2002,5786 Benfields Landing Rd Nebo NC 28761,https://www.lakejamescampingresortandmarina.com,35.73447393,-81.86375504,Accessible,https://www.lakejamescampingresortandmarina.com
243,243,243,243,291,Lakeside Retreats @ Walnut Hl,4521 Mial Plantation Rd,Raleigh,NC,27610,8509,NA,NA,NA,9193735521,Recreational Vehicle Parks,721211,NA,NA,NA,NA,Private,Wake,2,NA,lakesideretreats.land,2020,4521 Mial Plantation Rd Raleigh NC 27610,https://www.lakesideretreats.land,35.73265212,-78.45055698,Accessible,https://www.lakesideretreats.land
244,244,244,244,292,Leemaryclary,615 Poplar Dr,Shelby,NC,28152,7619,NA,NA,NA,7040001111,Recreational Vehicle Parks,721211,999990,NA,NA,NA,Private,Cleveland,5,479000,NA,2015,615 Poplar Dr Shelby NC 28152,,35.24368116,-81.53354992,Not Accessible,
245,245,245,245,293,Mountain Falls Luxury,20 Resorts Blvd,Lake Toxaway,NC,28747,9690,Barbara,Oldenburger,Manager,8289669350,Recreational Vehicle Parks,721211,721199,NA,NA,NA,Private,Transylvania,11,1852000,mtn-falls.com,2000,20 Resorts Blvd Lake Toxaway NC 28747,https://www.mtn-falls.com,35.11917455,-82.93673601,Accessible,https://www.mtn-falls.com
246,246,246,246,294,OBX Campground,126 Marshy Ridge Rd,Kill Devil Hills,NC,27948,8092,NA,NA,NA,2525644741,Recreational Vehicle Parks,721211,721211,NA,NA,NA,Private,Dare,2,440000,NA,2013,126 Marshy Ridge Rd Kill Devil Hills NC 27948,,36.01205726,-75.69228568,Not Accessible,
247,247,247,247,295,Pinelake RV Resort,33980 Hillcreek Rd,Wagram,NC,28396,9024,NA,NA,NA,9102813319,Recreational Vehicle Parks,721211,NA,NA,NA,NA,Private,Scotland,1,144000,NA,2012,33980 Hillcreek Rd Wagram NC 28396,,34.99076418,-79.44254571,Not Accessible,
248,248,248,248,296,Pratt Sharon R,135 Virgin Rd,Newport,NC,28570,6803,NA,NA,NA,2520001111,Recreational Vehicle Parks,721211,999990,NA,NA,NA,Private,Carteret,2,1164000,NA,2018,135 Virgin Rd Newport NC 28570,,34.80728142,-76.94062277,Not Accessible,
249,249,249,249,297,Raleigh Oaks RV Resrt-Cottages,527 US Highway 701 S,Four Oaks,NC,27524,8768,NA,NA,NA,9199343181,Recreational Vehicle Parks,721211,NA,NA,NA,NA,Private,Johnston,2,214000,raleighoaksrvresort.com,2019,527 US Highway 701 S Four Oaks NC 27524,https://www.raleighoaksrvresort.com,35.45039774,-78.38838045,Accessible,https://www.raleighoaksrvresort.com
250,250,250,250,298,Red Gates Cottages & RV Park,148 Red Gates Ln,Hendersonville,NC,28792,8020,Charles,Medd,Partner,8286858787,Recreational Vehicle Parks,721211,721211,NA,NA,NA,Private,Henderson,3,684000,redgatesrv.com,2013,148 Red Gates Ln Hendersonville NC 28792,https://www.redgatesrv.com,35.34100166,-82.40024076,Accessible,https://www.redgatesrv.com
251,251,251,251,299,Ridgeview MHP LLC,722 Old US 70 Hwy,Swannanoa,NC,28778,3313,Brian,Merklin,Owner,8286860814,Recreational Vehicle Parks,721211,NA,NA,NA,NA,Private,Buncombe,2,593000,ridgeviewmhc.com,2009,722 Old US 70 Hwy Swannanoa NC 28778,https://www.ridgeviewmhc.com,35.60668072,-82.37874286,Accessible,https://www.ridgeviewmhc.com
252,252,252,252,300,Rivers Edge Mountain RV Resort,1750 Hilltop Rd,Murphy,NC,28906,9352,Gary,Nickols,Owner,8283614517,Recreational Vehicle Parks,721211,NA,NA,NA,NA,Private,Cherokee,2,83000,riversedgemountainrvresort.com,2008,1750 Hilltop Rd Murphy NC 28906,https://www.riversedgemountainrvresort.com,35.03788865,-84.11768974,Not Accessible,
253,253,253,253,301,Safford RV Resort LLC,6208 Wescott Dr,Summerfield,NC,27358,9072,David James,Donnalley,Other,3360001111,Recreational Vehicle Parks,721211,NA,NA,NA,NA,Private,Guilford,2,258000,NA,2014,6208 Wescott Dr Summerfield NC 27358,,36.17067586,-79.93742353,Not Accessible,
254,254,254,254,302,Scenic RV Park,45 Scenic Dr,Asheville,NC,28805,8802,Autumn,Freeman,Manager,8282983822,Recreational Vehicle Parks,721211,455219,531190,623311,NA,Private,Buncombe,2,193000,NA,2005,45 Scenic Dr Asheville NC 28805,,35.58713024,-82.46892709,Not Accessible,
255,255,255,255,303,Scott Gary,104 Margo Ln,Statesville,NC,28677,9808,NA,NA,NA,7040001111,Recreational Vehicle Parks,721211,999990,NA,NA,NA,Private,Iredell,5,560000,NA,2019,104 Margo Ln Statesville NC 28677,,35.74581101,-80.87107852,Not Accessible,
256,256,256,256,304,Sea Breeze RV Park,1801 Wild Cherry Dr SW,Supply,NC,28462,2867,NA,NA,NA,9108422733,Recreational Vehicle Parks,721211,NA,NA,NA,NA,Private,Brunswick,2,188000,seabreezenc.com,2022,1801 Wild Cherry Dr SW Supply NC 28462,https://www.seabreezenc.com,33.93995344,-78.29778226,Accessible,https://www.seabreezenc.com
257,257,257,257,305,Topsail Sound Campground,734 Morris Landing Rd,Holly Ridge,NC,28445,7906,Chris,Johnston,Owner,9103290500,Recreational Vehicle Parks,721211,721214,721211,712190,NA,Private,Onslow,6,530000,thousandtrails.com,2005,734 Morris Landing Rd Holly Ridge NC 28445,https://www.thousandtrails.com,34.47228382,-77.51111118,Accessible,https://www.thousandtrails.com
258,258,258,258,306,Trails End RV Park,219 Shelton Cove Rd,Waynesville,NC,28785,8326,Joey,Crider,Owner,8284215295,Recreational Vehicle Parks,721211,488210,721211,NA,NA,Private,Haywood,1,128000,NA,2000,219 Shelton Cove Rd Waynesville NC 28785,,35.55789548,-83.03768152,Not Accessible,
259,259,259,259,307,Triangle RV Park,5909 Wilkins Dr,Durham,NC,27705,8708,Jay,Murray,Owner,9842197751,Recreational Vehicle Parks,721211,721211,NA,NA,NA,Private,Orange,2,226000,NA,2004,5909 Wilkins Dr Durham NC 27705,,35.98670416,-78.99943846,Not Accessible,
260,260,260,260,308,Triple Creek Partnership LLC,87 Horton Rd,Murphy,NC,28906,9688,Noland W,Smith,Owner,8280001111,Recreational Vehicle Parks,721211,NA,NA,NA,NA,Private,Cherokee,2,NA,jandjsgetaway.com,2015,87 Horton Rd Murphy NC 28906,https://www.jandjsgetaway.com,35.20050234,-84.08487793,Accessible,https://www.jandjsgetaway.com
261,261,261,261,310,Ver-El RV Park & Campground,5650 Sandusky Blvd,Concord,NC,28027,8585,NA,NA,NA,7047690248,Recreational Vehicle Parks,721211,721211,NA,NA,NA,Private,Cabarrus,3,220000,verelrvpark.com,1953,5650 Sandusky Blvd Concord NC 28027,https://www.verelrvpark.com,35.35216965,-80.68922956,Accessible,https://www.verelrvpark.com
262,262,262,262,311,Waldo's Beach Recreation Area,6742 Waldos Beach Rd,Fayetteville,NC,28306,7283,Roy L,Dean,Owner,9104238701,Recreational Vehicle Parks,721211,NA,NA,NA,NA,Private,Cumberland,7,741000,waldosbeach.com,2012,6742 Waldos Beach Rd Fayetteville NC 28306,https://www.waldosbeach.com,34.95752428,-79.02140417,Not Accessible,
263,263,263,263,312,Waters Edge RV Park,1463 Highway 24,Newport,NC,28570,8131,Tom,Singleton,Owner,2522470494,Recreational Vehicle Parks,721211,721211,NA,NA,NA,Private,Carteret,4,931000,NA,1997,1463 Highway 24 Newport NC 28570,,34.73419122,-76.87321135,Not Accessible,
264,264,264,264,313,Wentz Deborah,6514 Pondview Ln,Durham,NC,27712,3441,Deborah,Wentz,Owner,9194777236,Recreational Vehicle Parks,721211,561990,999990,NA,NA,Private,Durham,2,247000,NA,2011,6514 Pondview Ln Durham NC 27712,,36.11710686,-78.90507025,Not Accessible,
265,265,265,265,314,Wildflowers RV Resort,24 Empire Ln,Flat Rock,NC,28731,5648,John,Eckhardt,Manager,8286969444,Recreational Vehicle Parks,721211,NA,NA,NA,NA,Private,Henderson,4,912000,NA,2013,24 Empire Ln Flat Rock NC 28731,,35.30166864,-82.39472693,Not Accessible,
266,266,266,266,315,Willetts RV Park,3607 Old Ocean Hwy,Bolivia,NC,28422,9015,NA,NA,NA,9102535294,Recreational Vehicle Parks,721211,NA,NA,NA,NA,Private,Brunswick,2,188000,NA,2020,3607 Old Ocean Hwy Bolivia NC 28422,,34.05934707,-78.15536196,Not Accessible,
267,267,267,267,316,Wilson's Riverfront RV Park,225 Amboy Rd,Asheville,NC,28806,4331,Tony,Wilson,Owner,8282544676,Recreational Vehicle Parks,721211,811111,811114,NA,NA,Private,Buncombe,2,593000,wilsonsrvpark.com,1955,225 Amboy Rd Asheville NC 28806,https://www.wilsonsrvpark.com,35.56640648,-82.57834119,Accessible,https://www.wilsonsrvpark.com
268,268,268,268,42,Carols Campground,NA,Salisbury,NC,28146,NA,NA,NA,NA,7042396080,Campgrounds,721211,NA,NA,NA,NA,Private,Rowan,2,185000,NA,2012,NA Salisbury NC 28146,,35.6709727,-80.4742261,Not Accessible,
269,269,269,269,49,Cherokee Campground & Craig,91 Cherokee Campground Rd,Cherokee,NC,28719,1760,Lea A,Craig,Owner,8284979838,Campgrounds,721211,NA,NA,NA,NA,Private,Swain,2,295000,NA,2011,91 Cherokee Campground Rd Cherokee NC 28719,,35.4693312,-83.31123687,Not Accessible,
270,270,270,270,50,Cherokee/Great Smokies KOA,92 Koa Campground Rd,Cherokee,NC,28719,6451,Mark,Jones,Manager,8284979711,Campgrounds,721211,721214,721211,712190,NA,Private,Swain,50,7370000,koa.com,1997,92 Koa Campground Rd Cherokee NC 28719,https://www.koa.com,35.53249495,-83.28351141,Accessible,https://www.koa.com
271,271,271,271,51,Cliffside Lake Recreation Area,13908 Highlands Rd,Highlands,NC,28741,NA,Stacey,Wiedrich,Other,8285265912,Campgrounds,721211,NA,NA,NA,NA,Private,Macon,2,345000,cfaia.org,2007,13908 Highlands Rd Highlands NC 28741,https://www.cfaia.org,35.04825881,-83.2227033,Accessible,https://www.cfaia.org
272,272,272,272,53,Craig's Log Cabin,91 US 19 N,Cherokee,NC,28719,NA,NA,NA,NA,8284979838,Campgrounds,721211,NA,NA,NA,NA,Private,Swain,2,295000,NA,1965,91 US 19 N Cherokee NC 28719,,35.47416698,-83.33163225,Not Accessible,
273,273,273,273,60,Daniel Boone Family Campground,7360 Nc 181,Morganton,NC,28655,8559,Scott,Wade,Owner,8284331200,Campgrounds,721211,NA,NA,NA,NA,Private,Burke,6,823000,NA,1984,7360 Nc 181 Morganton NC 28655,,35.74667846,-81.68970214,Not Accessible,
274,274,274,274,63,Down By the River Campground,292 River Campground Rd,Pineola,NC,28662,NA,Kim,Demetres,Office Manager,8287335057,Campgrounds,721211,NA,NA,NA,NA,Private,Avery,2,158000,downbytherivercampground.com,2004,292 River Campground Rd Pineola NC 28662,https://www.downbytherivercampground.com,36.0255182,-81.89534174,Accessible,https://www.downbytherivercampground.com
275,275,275,275,165,Nelson's Nantahala Hideaway,23797 US Highway 19,Topton,NC,28781,NA,Jimmy,Davis,Owner,8283214407,Campgrounds,721211,721199,721214,NA,NA,Private,Cherokee,1,173000,NA,1996,23797 US Highway 19 Topton NC 28781,,35.2394391,-83.7101074,Not Accessible,
276,276,276,276,174,Optimistic RV Resrt-Campground,6618 Nc 181,Morganton,NC,28655,9729,Christie,New,Manager,8284380550,Campgrounds,721211,NA,NA,NA,NA,Private,Burke,2,275000,rvparkstore.com,2004,6618 Nc 181 Morganton NC 28655,https://www.rvparkstore.com,35.74667846,-81.68970214,Accessible,https://www.rvparkstore.com
277,277,277,277,177,Osprey Nest Campground,6234 Piney Woods Rd,Fairfield,NC,27826,9100,Audrey,Simmons,Owner,2529264491,Campgrounds,721211,NA,NA,NA,NA,Private,Hyde,2,165000,visitnc.com,2006,6234 Piney Woods Rd Fairfield NC 27826,https://www.visitnc.com,35.54503112,-76.20600935,Accessible,https://www.visitnc.com
278,278,278,278,188,Price Park Campground,NA,Franklin,NC,28734,NA,NA,NA,NA,8289635911,Campgrounds,721211,NA,NA,NA,NA,Private,Macon,2,345000,NA,2017,NA Franklin NC 28734,,35.1823171,-83.3815429,Not Accessible,
279,279,279,279,200,River Valley Campground,2978 Big Cove Rd,Cherokee,NC,28719,NA,Myra,Cloer,Owner,8284973540,Campgrounds,721211,721214,NA,NA,NA,Private,Swain,3,443000,NA,1997,2978 Big Cove Rd Cherokee NC 28719,,35.50290511,-83.29648635,Not Accessible,
280,280,280,280,317,Wood Creek RV Park,2201 Sneads Ferry Rd,Sneads Ferry,NC,28460,NA,NA,NA,NA,9103270409,Recreational Vehicle Parks,721211,NA,NA,NA,NA,Private,Onslow,2,177000,woodcreekrv.com,2017,2201 Sneads Ferry Rd Sneads Ferry NC 28460,https://www.woodcreekrv.com,34.5528297,-77.41596565,Accessible,https://www.woodcreekrv.com
281,281,281,1,2,Andrews Ralph J Rec Park,Pine Creek Rd,Sylva,NC,28779,NA,David,Cope,Manager,8287433923,Campgrounds,721211,712190,NA,NA,NA,Private,Jackson,2,310000,rec.jacksonnc.org,1992,"814 Ralph J. Andrews Drive, Glenville, NC 28736",https://www.rec.jacksonnc.org,35.191816,-83.154568,Accessible,https://www.rec.jacksonnc.org
282,282,282,3,6,Asheville East KOA Holiday,2708 US 70 Hwy,Swannanoa,NC,28778,9126,Karel,Buice,Manager,8286863121,Campgrounds,721211,424720,721214,721211,712190,Private,Buncombe,8,2372000,koa.com,1999,2708 US 70 Hwy Swannanoa NC 28778,https://www.koa.com,35.601273,-82.374308,Accessible,https://www.koa.com
283,283,283,12,88,Greenfield Campground,120 Greenfield Cir # 2,West Jefferson,NC,28694,8073,Jeff,Howell,Manager,3362469106,Campgrounds,721211,NA,NA,NA,NA,Private,Ashe,2,175000,greenfieldcampgroundnc.com,1996,120 Greenfield Cir # 2 West Jefferson NC 28694,https://www.greenfieldcampgroundnc.com,36.386606,-81.479711,Not Accessible,
284,284,284,22,156,Mile High Campground,346 Balsam Mountain Rd,Cherokee,NC,28719,NA,NA,NA,NA,8282692945,Campgrounds,721211,NA,NA,NA,NA,Private,Swain,2,295000,milehighcampground.com,2013,346 Balsam Mountain Rd Cherokee NC 28719,https://www.milehighcampground.com,35.51391,-83.186176,Accessible,https://www.milehighcampground.com
285,285,285,31,224,Standing Indian Campground,2037 Stndg Ind Campgd Rd,Franklin,NC,28734,NA,Mark,Keslier,Manager,8283690442,Campgrounds,721211,NA,NA,NA,NA,Private,Macon,2,345000,recreation.gov,2015,2037 Stndg Ind Campgd Rd Franklin NC 28734,https://www.recreation.gov,35.075951,-83.52862,Accessible,https://www.recreation.gov
286,286,286,30,223,St Clair Landing Family,25028 N Carolina Highway 12,Rodanthe,NC,27968,NA,Irvin,Midgett,Owner,2529872850,Campgrounds,721211,NA,NA,NA,NA,Private,Dare,2,440000,NA,2005,25028 N Carolina Highway 12 Rodanthe NC 27968,,35.576298,-75.468469,Not Accessible,
287,287,287,6,18,Blackbeard's Campground,1 Blackbeards Park,Surf City,NC,28445,NA,Alvin,Batts,Owner,9103281206,Campgrounds,721211,NA,NA,NA,NA,Private,Onslow,2,170000,NA,2002,1 Blackbeards Park Surf City NC 28445,,34.43068,-77.54803,Not Accessible,
288,288,288,5,12,Badin Lake Group Camp,Kings Mountain Point Rd,Troy,NC,27371,NA,Theresa,Savery,Manager,9105766391,Campgrounds,721211,NA,NA,NA,NA,Private,Montgomery,2,159000,recreation.gov,2014,Kings Mountain Point Rd Troy NC 27371,https://www.recreation.gov,35.451394,-80.071335,Accessible,https://www.recreation.gov
289,289,289,21,154,Midgett's Campground LLC,23444 N Carolina Highway 1,Rodanthe,NC,27968,NA,Martha,Caldwell,Owner,2529872239,Campgrounds,721211,NA,NA,NA,NA,Private,Dare,1,220000,ww1.midgettscampground.com,2015,23444 N Carolina Highway 1 Rodanthe NC 27968,https://www.ww1.midgettscampground.com,35.598613,-75.46836,Not Accessible,
290,290,290,27,168,North Beach Campground,23781 N Carolina Highway 1,Rodanthe,NC,27968,NA,Virginia,O'Neal,Manager,2529872378,Campgrounds,721211,NA,NA,NA,NA,Private,Dare,5,1099000,northbeachcampground.com,1984,23781 N Carolina Highway 1 Rodanthe NC 27968,https://www.northbeachcampground.com,35.593978,-75.465736,Accessible,https://www.northbeachcampground.com
291,291,291,33,267,Bandb RV Park,5001 Boston Rd,Roxboro,NC,27574,5453,NA,NA,NA,3365981144,Recreational Vehicle Parks,721211,NA,NA,NA,NA,Private,Person,2,288000,bandbcountryrvpark.com,2023,5001 Boston Rd Roxboro NC 27574,https://www.bandbcountryrvpark.com,36.448259,-78.934732,Accessible,https://www.bandbcountryrvpark.com
292,292,292,17,142,Linville Falls Campground,Blueridge Pkwy,Linville Falls,NC,28647,NA,NA,NA,NA,8287657818,Campgrounds,721211,NA,NA,NA,NA,Private,Burke,2,275000,NA,2004,Blueridge Pkwy Linville Falls NC 28647,,35.956125,-81.952597,Not Accessible,
293,293,293,13,115,Hound's Gateway Campground-Fun,114 Raven Easement Cir,Kings Mountain,NC,28086,NA,NA,NA,NA,7047394474,Campgrounds,721211,NA,NA,NA,NA,Private,Cleveland,2,192000,houndsgatewaycampground.com,2012,114 Raven Easement Cir Kings Mountain NC 28086,https://www.houndsgatewaycampground.com,35.22432,-81.358881,Accessible,https://www.houndsgatewaycampground.com
294,294,294,29,222,Springhill Park,110 Coachman Rd # 1A,Chapel Hill,NC,27516,7219,Kevin,Ray,Owner,9199674268,Campgrounds,721211,531190,NA,NA,NA,Private,Orange,1,113000,springhillpark.com,2000,110 Coachman Rd # 1A Chapel Hill NC 27516,https://www.springhillpark.com,35.900262,-79.169931,Accessible,https://www.springhillpark.com
295,295,295,32,250,Whispering Pines Campground,25 Whispering Pnes,Newport,NC,28570,18,Brenda,Upchurch,Manager,2527264902,Campgrounds,721211,NA,NA,NA,NA,Private,Carteret,4,931000,rvonthego.com,2008,25 Whispering Pnes Newport NC 28570,https://www.rvonthego.com,34.72475,-76.929264,Accessible,https://www.rvonthego.com
296,296,296,28,172,Ocean Waves Campground,25313 Highway 12,Waves,NC,27982,NA,Clyde,Bullock Jr,President,2529872556,Campgrounds,721211,NA,NA,NA,NA,Private,Dare,4,880000,oceanwavescampground.com,1986,25313 Highway 12 Waves NC 27982,https://www.oceanwavescampground.com,35.571552,-75.465535,Accessible,https://www.oceanwavescampground.com
297,297,297,8,25,Brunswick Beaches Campground,7200 Brunswick Beaches Dr SW,Sunset Beach,NC,28468,1201,Tommy,Brabsher,Owner,9105797562,Campgrounds,721211,721211,NA,NA,NA,Private,Brunswick,10,937000,roadville.com,2004,7200 Brunswick Beaches Dr SW Sunset Beach NC 28468,https://www.roadville.com,33.935482,-78.507238,Accessible,https://www.roadville.com
298,298,298,2,4,Apple Valley Travel Park,1 Apple Orchard Rd,Hendersonville,NC,28792,7610,David,Freeman,Manager,8286858000,Campgrounds,721211,NA,NA,NA,NA,Private,Henderson,2,456000,applevalleytravelpark.com,1984,1 Apple Orchard Rd Hendersonville NC 28792,https://www.applevalleytravelpark.com,35.360975,-82.419717,Accessible,https://www.applevalleytravelpark.com
299,299,299,4,8,Asheville River Cabins,318 Wanderlust Rdg,Arden,NC,28704,1448,NA,NA,NA,8286849147,Campgrounds,721211,NA,NA,NA,NA,Private,Buncombe,2,593000,NA,2023,318 Wanderlust Rdg Arden NC 28704,,35.491305,-82.571533,Not Accessible,
300,300,300,7,22,Blue Ridge Vista Campground,2900 Race Track St,Morganton,NC,28655,5963,NA,NA,NA,8288386193,Campgrounds,721211,NA,NA,NA,NA,Private,Burke,2,189000,NA,2022,2900 Race Track St Morganton NC 28655,,35.830294,-81.621893,Not Accessible,
301,301,301,9,33,Camp Hatteras,24798 North Carolina Highway 1,Rodanthe,NC,27968,NA,NA,NA,NA,2529872777,Campgrounds,721211,NA,NA,NA,NA,Private,Dare,2,440000,camphatteras.com,2022,24798 North Carolina Highway 1 Rodanthe NC 27968,https://www.camphatteras.com,35.583532,-75.468409,Accessible,https://www.camphatteras.com
303,303,303,14,131,Lake Junaluska Assembly,50 Camp Adventure Dr,Lake Junaluska,NC,28745,NA,Larry,Ousley,Exec Director,8284525887,Campgrounds,721211,721214,NA,NA,NA,Private,Haywood,6,767000,NA,2004,50 Camp Adventure Dr Lake Junaluska NC 28745,,35.522595,-82.9823,Not Accessible,
304,304,304,15,136,Last Chance Campground LLC,1 Last Chance Cir,Hallsboro,NC,28442,NA,Mike,Butts,Owner,9107700746,Campgrounds,721211,NA,NA,NA,NA,Private,Columbus,1,83000,NA,2011,1 Last Chance Cir Hallsboro NC 28442,,34.292935,-78.563076,Not Accessible,
305,305,305,16,139,Lazy J Campground,1237 Parkway Rd,Rosman,NC,28772,9630,Jimmie,Owen,Owner,8289663834,Campgrounds,721211,NA,NA,NA,NA,Private,Transylvania,2,337000,lazyjcampground.com,2002,1237 Parkway Rd Rosman NC 28772,https://www.lazyjcampground.com,35.156658,-82.832875,Accessible,https://www.lazyjcampground.com
306,306,306,18,143,Linville Falls Campground RV,717 Gurney Franklin Rd,Linville Falls,NC,28647,NA,James,Wood,Owner,8287652681,Campgrounds,721211,NA,NA,NA,NA,Private,Burke,2,275000,linvillefalls.com,2006,717 Gurney Franklin Rd Linville Falls NC 28647,https://www.linvillefalls.com,35.956162,-81.951942,Accessible,https://www.linvillefalls.com
307,307,307,19,150,Manning RV Campsite,2859 Sunny Side Rd,Greenville,NC,27834,5852,NA,NA,NA,2523414241,Campgrounds,721211,NA,NA,NA,NA,Private,Pitt,2,208000,manningrvcampground.com,2016,2859 Sunny Side Rd Greenville NC 27834,https://www.manningrvcampground.com,35.613916,-77.269927,Accessible,https://www.manningrvcampground.com
308,308,308,20,152,Mckenzie Grove Campground Inc,1984 Shiloh Church Rd,Claremont,NC,28610,NA,David,Rankin,Manager,8280001111,Campgrounds,721211,813319,NA,NA,NA,Private,Catawba,2,138000,NA,2021,1984 Shiloh Church Rd Claremont NC 28610,,35.675503,-81.103125,Not Accessible,
309,309,309,23,157,Miller's Campground,33 Campground Rd,Laurel Springs,NC,28644,9207,NA,NA,NA,3363592828,Campgrounds,721211,NA,NA,NA,NA,Private,Alleghany,2,145000,millerscamping.com,1969,33 Campground Rd Laurel Springs NC 28644,https://www.millerscamping.com,35.591211,-82.49611,Accessible,https://www.millerscamping.com
310,310,310,24,158,Moonshine Creek Campground,2486 Dark Ridge Rd,Sylva,NC,28779,NA,Jim,Calderbank,Owner,8285866666,Campgrounds,721211,NA,NA,NA,NA,Private,Jackson,6,929000,NA,1998,2486 Dark Ridge Rd Sylva NC 28779,,35.4184595,-83.0985334,Not Accessible,
311,311,311,25,161,Mountain Stream RV Park,6954 Buck Creek Rd,Marion,NC,28752,5827,Ron,Johnston,Owner,8287249013,Campgrounds,721211,721211,713940,712190,NA,Private,McDowell,2,415000,mountainstreamrvpark.com,1987,6954 Buck Creek Rd Marion NC 28752,https://www.mountainstreamrvpark.com,35.738666,-82.133154,Not Accessible,
312,312,312,26,163,Murphy/Peace Vly KOA Holiday,117 Happy Valley Rd,Marble,NC,28905,8593,Darlene,Witting,Manager,8288376223,Campgrounds,721211,721214,721211,712190,NA,Private,Cherokee,1,208000,koa.com,2012,117 Happy Valley Rd Marble NC 28905,https://www.koa.com,35.123348,-83.990609,Accessible,https://www.koa.com
314,314,314,36,283,Franklin RV Park & Campground,230 Old Addington Bridge Rd,Franklin,NC,28734,9285,Bob,Mills,Owner,8283496200,Recreational Vehicle Parks,721211,721211,NA,NA,NA,Private,Macon,2,345000,franklinrvpark.com,2011,230 Old Addington Bridge Rd Franklin NC 28734,https://www.franklinrvpark.com,35.123307,-83.395929,Accessible,https://www.franklinrvpark.com
315,315,315,37,309,Tuckasegee RV Resort,78 Wilmont Rd,Whittier,NC,28789,8413,Miranda,Smith,Owner,8284973598,Recreational Vehicle Parks,721211,NA,NA,NA,NA,Private,Jackson,2,310000,tuckaseegeervresort.com,2011,78 Wilmont Rd Whittier NC 28789,https://www.tuckaseegeervresort.com,35.403382,-83.313697,Accessible,https://www.tuckaseegeervresort.com